angDist,_RAJ2000,_DEJ2000,FTS,WEBDA,RAJ2000,DEJ2000,u'mag,g'mag,r'mag,i'mag,z'mag,Mm,Comm,PKM,_RAJ2000,_DEJ2000,PKM,RAJ2000,DEJ2000,pmRA,pmDE,MProb,Vmag,B-V,ICode
0.206264,11.988,85.248889,1,,00 47 57.12,+85 14 56,14.858,12.52,11.632,,11.087,96,d,PKM,11.987313,85.2488823,5027,11.987313,85.248882,-5.74,-0.93,96,11.939,1.202,
0.603732,11.580958,85.219167,2,,00 46 19.43,+85 13 09,13.244,12.084,11.731,11.623,11.587,0,,PKM,11.5805319,85.2190031,4694,11.5805319,85.219003,-19.38,-1.63,0,11.847,0.586,
1.286938,11.984583,85.192778,3,,00 47 56.30,+85 11 34,15.583,12.86,11.812,11.433,11.158,0,,PKM,11.9810586,85.1929794,5888,11.9810586,85.192979,-12.96,5.58,0,15.434,0.663,D
0.824838,12.683583,85.295,4,,00 50 44.06,+85 17 42,14.559,12.592,11.852,11.541,11.358,0,,PKM,12.6831697,85.2952266,5308,12.6831697,85.295227,6.95,1.59,0,12.117,1.011,
0.705937,11.219,85.234722,5,,00 44 52.56,+85 14 05,15.868,12.934,11.901,11.508,11.263,98,,PKM,11.2182071,85.2349067,4668,11.2182071,85.234907,-5.03,-0.67,98,12.319,1.294,
0.341414,11.749042,85.221111,6,,00 46 59.77,+85 13 16,15.575,12.931,12.014,11.683,11.469,98,,PKM,11.7482097,85.2210463,5085,11.7482097,85.221046,-5.49,-0.06,98,12.362,1.241,D
0.284295,11.462792,85.302222,7,,00 45 51.07,+85 18 08,15.986,13.062,12.028,11.632,11.384,96,,PKM,11.4627512,85.3023009,4565,11.4627512,85.302301,-5.08,-1.06,96,12.439,1.325,
0.303242,12.980625,85.271944,8,,00 51 55.35,+85 16 19,14.839,12.994,12.306,12.055,11.938,0,,PKM,12.9797011,85.27198,5659,12.9797011,85.27198,4.58,50.77,0,12.556,0.912,
0.120745,12.334375,85.310833,9,,00 49 20.25,+85 18 39,14.475,12.87,12.324,12.149,12.073,0,,PKM,12.3343375,85.3107996,5297,12.3343375,85.3108,-17.18,-25.59,0,12.528,0.758,
1.300655,12.241625,85.159722,10,,00 48 57.99,+85 09 35,,,12.417,12.216,12.119,0,bd,PKM,12.2376629,85.159859,5874,12.2376629,85.159859,-8.71,2.36,0,16.726,0.959,D
0.716683,11.826333,85.329167,11,,00 47 18.32,+85 19 45,16.213,13.576,12.649,12.298,12.073,96,,PKM,11.8264837,85.3293657,4909,11.8264837,85.329366,-5.71,-0.95,96,13.01,1.245,
0.797440,13.05925,85.286389,12,,00 52 14.22,+85 17 11,15.704,13.546,12.764,12.492,12.35,0,,PKM,13.0585819,85.2866036,5646,13.0585819,85.286604,20.62,26.55,0,13.061,1.002,
0.565235,12.484125,85.319722,13,,00 49 56.19,+85 19 11,14.384,13.29,12.971,12.865,12.83,0,,PKM,12.4838588,85.3198775,5292,12.4838588,85.319878,-1.45,3.3,0,13.075,0.545,
0.345740,12.851,85.300833,14,,00 51 24.24,+85 18 03,15.098,13.644,13.012,12.707,12.526,0,,PKM,12.8505535,85.3009218,5629,12.8505535,85.300922,-2.74,1.45,0,13.293,0.8,
0.784176,12.841208,85.210278,15,,00 51 21.89,+85 12 37,16.5,13.934,13.022,12.675,12.483,98,,PKM,12.8400999,85.2104752,5855,12.8400999,85.210475,-5.27,-0.55,98,13.352,1.2,
0.368403,11.615333,85.173889,16,,00 46 27.68,+85 10 26,14.835,13.565,13.115,12.937,12.868,0,,PKM,11.6144991,85.1739635,5829,11.6144991,85.173963,-2.09,-0.79,0,13.273,0.7,
0.637158,12.73525,85.292778,17,,00 50 56.46,+85 17 34,15.069,13.724,13.198,12.994,12.902,0,,PKM,12.7349358,85.2929531,5311,12.7349358,85.292953,9.84,-14.56,0,13.485,0.712,D
0.490599,12.364083,85.211944,18,,00 49 27.38,+85 12 43,16.897,14.328,13.237,12.809,12.601,0,,PKM,12.3624708,85.2119225,5433,12.3624708,85.211923,72.44,-1.06,0,13.698,1.224,
0.530876,11.075167,85.267222,19,,00 44 18.04,+85 16 02,15.03,13.742,13.277,13.105,13.043,0,,PKM,11.0749974,85.2673688,4613,11.0749974,85.267369,-17.8,7.07,0,13.453,0.677,
0.567199,11.403542,85.252222,20,,00 45 36.85,+85 15 08,16.663,14.163,13.279,12.937,12.745,0,,PKM,11.4033974,85.2523791,5927,11.4033974,85.252379,-7.28,1.15,0,13.658,1.141,D
0.640291,12.246542,85.208056,21,4653,00 48 59.17,+85 12 29,16.579,14.167,13.305,12.989,12.808,98,,PKM,12.2456579,85.2082178,5438,12.2456579,85.208218,-5.38,-0.73,98,13.631,1.13,
0.239886,12.264042,85.256944,22,2119,00 49 03.37,+85 15 25,14.871,13.662,13.36,13.26,13.23,93,,PKM,12.2635749,85.2569983,5350,12.2635749,85.256998,-5.88,-0.87,93,13.453,0.495,D
0.197395,11.972125,85.250556,23,1002,00 47 53.31,+85 15 02,15.704,14.057,13.416,13.301,12.734,3,,PKM,11.971465,85.2505605,5023,11.971465,85.250561,-6.62,0.47,3,14.853,0.724,
0.903248,13.108125,85.2575,24,,00 52 25.95,+85 15 27,15.248,13.903,13.485,13.352,13.3,95,,PKM,13.1074334,85.2577443,5671,13.1074334,85.257744,-4.7,-0.24,95,13.6,0.659,
0.353020,11.640625,85.242778,25,1075,00 46 33.75,+85 14 34,16.801,14.392,13.547,13.245,13.055,94,,PKM,11.640096,85.2428657,5048,11.640096,85.242866,-5.98,-0.63,94,13.876,1.108,
0.157069,11.724083,85.243611,26,5134,00 46 53.78,+85 14 37,15.274,13.962,13.558,13.482,13.379,0,,PKM,11.7243872,85.2436466,5934,11.7243872,85.243647,0.0,0.0,0,14.342,0.456,D
0.252167,11.625417,85.197778,27,,00 46 30.10,+85 11 52,16.411,14.343,13.569,13.264,13.113,96,,PKM,11.6245826,85.1977728,5894,11.6245826,85.197773,-4.97,-0.02,96,14.052,1.09,D
0.528975,11.122667,85.2525,28,,00 44 29.44,+85 15 09,16.626,14.468,13.647,13.35,13.216,0,,PKM,11.1221885,85.2526415,4636,11.1221885,85.252641,6.52,17.35,0,14.005,0.981,
0.330021,11.344292,85.210556,29,,00 45 22.63,+85 12 38,16.302,14.485,13.735,13.43,13.26,98,,PKM,11.3436522,85.2106305,4705,11.3436522,85.21063,-5.54,-0.57,98,13.964,0.962,
1.344905,12.083,85.224167,30,1343,00 48 19.92,+85 13 27,14.714,13.94,13.736,13.696,13.706,0,,PKM,12.0796973,85.2244199,5885,12.0796973,85.22442,0.0,0.0,0,14.132,0.276,D
1.112659,11.329917,85.257778,31,,00 45 19.18,+85 15 28,15.245,14.069,13.74,13.637,13.592,97,,PKM,11.3297923,85.2580869,4626,11.3297923,85.258087,-5.36,-0.86,97,13.886,0.499,
0.866894,11.325917,85.321944,32,,00 45 18.22,+85 19 19,15.266,14.057,13.752,13.674,13.657,92,,PKM,11.326126,85.3221842,4540,11.326126,85.322184,-4.64,-0.1,92,13.857,0.521,
0.557428,11.884417,85.183889,33,,00 47 32.26,+85 11 02,16.892,14.59,13.764,13.46,13.297,98,,PKM,11.8837451,85.1840332,5133,11.8837451,85.184033,-5.34,-0.48,98,14.077,1.094,
0.199145,11.965,85.2525,34,1003,00 47 51.60,+85 15 09,15.344,14.133,13.835,13.761,13.668,90,,PKM,11.964405,85.2525252,5020,11.964405,85.252525,-5.86,0.15,90,14.0,0.502,
0.818174,11.456208,85.234167,35,1061,00 45 49.49,+85 14 03,17.034,14.672,13.843,13.547,13.377,98,,PKM,11.4558396,85.2343922,4671,11.4558396,85.234392,-5.59,-0.47,98,14.165,1.073,
0.578934,11.36275,85.204722,36,,00 45 27.06,+85 12 17,15.739,14.34,13.85,13.695,13.669,0,,PKM,11.3620292,85.2048711,5901,11.3620292,85.204871,-2.19,-1.36,0,15.066,0.658,D
0.619324,11.612333,85.196389,37,2178,00 46 26.96,+85 11 47,16.405,14.601,13.908,13.648,,43,bd,PKM,11.6113186,85.1965386,5895,11.6113186,85.196539,-5.98,-1.45,43,15.049,0.698,D
0.424963,12.499792,85.323611,38,,00 49 59.95,+85 19 25,15.997,14.502,13.953,13.75,13.64,0,,PKM,12.4998638,85.3237289,5288,12.4998638,85.323729,-4.63,3.04,0,14.148,0.804,
0.677125,12.387708,85.254444,39,2122,00 49 33.05,+85 15 16,16.868,14.749,13.986,13.735,13.588,98,,PKM,12.3870444,85.2546239,5356,12.3870444,85.254624,-5.71,-0.39,98,14.272,1.024,
0.632424,11.765917,85.2575,40,1020,00 47 03.82,+85 15 27,16.591,14.73,14.032,13.792,13.696,0,,PKM,11.7655617,85.2576732,5008,11.7655617,85.257673,-7.08,-0.08,0,14.287,0.896,
0.670208,11.486167,85.291389,41,,00 45 56.68,+85 17 29,15.591,14.369,14.045,13.961,13.934,98,,PKM,11.4859749,85.2915745,4581,11.4859749,85.291574,-5.25,-0.39,98,14.147,0.536,
0.524357,11.329208,85.256389,42,,00 45 19.01,+85 15 23,,,14.069,14.068,13.813,14,b,PKM,11.3286974,85.2565284,4629,11.3286974,85.256528,-5.19,-1.95,14,17.155,0.907,
0.234479,12.5255,85.246667,43,4715,00 50 06.12,+85 14 48,17.21,14.893,14.073,13.787,13.626,95,,PKM,12.5248482,85.2466306,5373,12.5248482,85.246631,-5.71,0.02,95,14.381,1.079,
0.369083,12.669,85.223889,44,2138,00 50 40.56,+85 13 26,15.726,14.558,14.127,13.957,13.916,0,,PKM,12.6679381,85.2239409,5411,12.6679381,85.223941,27.08,11.79,0,14.272,0.642,
0.690053,12.076917,85.246111,45,1006,00 48 18.46,+85 14 46,16.588,14.816,14.15,13.945,13.815,92,,PKM,12.0766205,85.2463011,5035,12.0766205,85.246301,-4.99,-1.11,92,14.887,0.965,
0.419952,12.969,85.188611,46,,00 51 52.56,+85 11 19,17.192,14.948,14.158,13.857,13.729,98,,PKM,12.9677899,85.1886685,5747,12.9677899,85.188669,-5.39,-0.25,98,14.44,1.067,
1.134730,12.9045,85.228611,47,,00 51 37.08,+85 13 43,17.113,14.948,14.176,13.898,13.73,98,,PKM,12.903567,85.2289165,5700,12.903567,85.228916,-5.33,-0.66,98,14.447,1.047,
0.442865,12.059042,85.246667,48,1005,00 48 14.17,+85 14 48,16.447,14.773,14.203,14.005,13.884,1,,PKM,12.0586611,85.2467859,5033,12.0586611,85.246786,-6.93,0.02,1,14.956,0.706,
0.343325,12.192625,85.290833,49,4650,00 48 46.23,+85 17 27,16.189,14.739,14.233,14.066,13.985,0,,PKM,12.1933652,85.2909065,5958,12.1933652,85.290907,0.0,0.0,0,15.111,0.675,D
0.862381,12.192625,85.290833,49,4650,00 48 46.23,+85 17 27,16.189,14.739,14.233,14.066,13.985,0,,PKM,12.1954514,85.2907735,5957,12.1954514,85.290774,0.0,0.0,0,15.203,0.77,D
1.135346,11.450958,85.184722,50,,00 45 48.23,+85 11 05,16.593,14.882,14.235,13.985,13.868,66,,PKM,11.4486817,85.1849729,5897,11.4486817,85.184973,-6.36,0.27,66,15.426,0.676,D
1.600678,11.384042,85.204722,51,,00 45 32.17,+85 12 17,,14.738,14.266,14.218,14.142,0,,PKM,11.3856586,85.2051456,5898,11.3856586,85.205146,-3.65,1.11,0,16.556,0.783,D
0.548685,11.657583,85.207778,52,1112,00 46 37.82,+85 12 28,16.182,14.789,14.313,14.164,14.122,98,,PKM,11.6569518,85.207921,5101,11.6569518,85.207921,-5.46,-0.54,98,14.472,0.682,
0.566779,11.799333,85.225278,53,1102,00 47 11.84,+85 13 31,15.961,14.73,14.326,14.196,14.153,98,,PKM,11.7987256,85.2254271,5078,11.7987256,85.225427,-5.4,-0.48,98,14.465,0.601,
0.254579,11.937542,85.239167,54,1085,00 47 45.01,+85 14 21,17.367,15.143,14.347,14.07,13.899,95,,PKM,11.9369265,85.2392159,5055,11.9369265,85.239216,-5.75,-0.94,95,14.648,1.039,
0.376811,12.798375,85.238889,55,2134,00 51 11.61,+85 14 20,16.316,14.868,14.353,14.196,14.057,0,,PKM,12.7975618,85.238969,5849,12.7975618,85.238969,-5.38,-2.89,0,14.551,0.754,
0.945328,12.487125,85.166667,56,,00 49 56.91,+85 10 00,16.018,14.804,14.379,14.224,14.161,0,,PKM,12.48569,85.1669001,5485,12.48569,85.1669,7.95,-2.72,0,14.52,0.623,
0.857828,11.805583,85.2775,57,1032,00 47 13.34,+85 16 39,16.134,14.801,14.382,14.263,14.207,98,,PKM,11.8055055,85.2777382,4970,11.8055055,85.277738,-5.66,-0.59,98,14.524,0.622,
0.394389,11.580167,85.327222,58,,00 46 19.24,+85 19 38,16.98,15.108,14.385,14.086,13.88,0,,PKM,11.5805897,85.327326,4537,11.5805897,85.327326,-8.34,1.83,0,14.677,0.946,
0.313248,11.487583,85.206389,59,1114,00 45 57.02,+85 12 23,16.301,14.937,14.433,14.264,14.252,96,,PKM,11.487228,85.2064708,4710,11.487228,85.206471,-4.74,-0.57,96,14.852,0.687,
0.483288,11.768458,85.275833,60,4668,00 47 04.43,+85 16 33,16.443,14.958,14.435,14.273,14.183,0,,PKM,11.768501,85.2759672,4976,11.768501,85.275967,-2.47,0.47,0,14.694,0.728,D
0.758884,11.851208,85.330278,61,,00 47 24.29,+85 19 49,16.661,15.022,14.451,14.169,13.962,93,,PKM,11.8512882,85.3304887,4907,11.8512882,85.330489,-4.75,0.01,93,14.927,0.762,D
0.175021,11.9625,85.224722,62,1093,00 47 51.00,+85 13 29,16.361,14.953,14.459,14.298,14.223,98,,PKM,11.9619768,85.2247436,5080,11.9619768,85.224744,-5.52,-0.57,98,14.625,0.704,
0.650404,12.397667,85.179444,63,,00 49 35.44,+85 10 46,17.456,15.272,14.482,14.209,14.071,98,,PKM,12.3965086,85.1795962,5470,12.3965086,85.179596,-5.4,-0.49,98,14.769,1.05,
0.198605,11.385167,85.293889,64,,00 45 32.44,+85 17 38,16.471,15.005,14.503,14.347,14.225,97,,PKM,11.384939,85.2939409,4580,11.384939,85.293941,-5.51,-0.86,97,14.928,0.72,
0.271372,11.5765,85.159444,65,,00 46 18.36,+85 09 34,16.285,15.015,14.521,14.327,14.288,0,,PKM,11.5756474,85.1594665,4755,11.5756474,85.159466,13.59,7.53,0,14.699,0.703,
0.744074,12.227542,85.21,66,2151,00 48 54.61,+85 12 36,16.105,14.869,14.527,14.366,14.256,97,,PKM,12.2268775,85.2101991,5434,12.2268775,85.210199,-5.62,-0.16,97,14.687,0.526,
1.005027,13.036458,85.288333,67,,00 52 08.75,+85 17 18,18.344,15.817,14.559,13.925,13.57,0,,PKM,13.0357822,85.2886066,5644,13.0357822,85.288607,19.86,25.81,0,15.165,1.433,
0.363106,12.524042,85.165,68,,00 50 05.77,+85 09 54,16.421,15.049,14.581,14.412,14.319,98,,PKM,12.5230491,85.1650563,5489,12.5230491,85.165056,-5.17,-0.3,98,14.74,0.684,
0.790314,13.157917,85.176111,69,,00 52 37.90,+85 10 34,16.428,15.091,14.591,14.408,14.307,97,,PKM,13.1564208,85.1762909,5762,13.1564208,85.176291,-5.02,-0.16,97,14.771,0.682,
0.911194,11.053042,85.233889,70,,00 44 12.73,+85 14 02,16.264,15.06,14.618,14.463,14.411,0,,PKM,11.0526057,85.2341395,4672,11.0526057,85.234139,-2.7,3.57,0,14.771,0.616,
0.551300,11.133167,85.306389,71,,00 44 31.96,+85 18 23,17.093,15.41,14.621,14.272,14.079,0,,PKM,11.131734,85.3064875,5979,11.131734,85.306488,0.0,0.0,0,15.617,0.686,D
0.295599,11.399375,85.295278,72,,00 45 35.85,+85 17 43,16.527,15.141,14.623,14.47,14.42,92,,PKM,11.3993912,85.2953601,4577,11.3993912,85.29536,-4.67,-0.04,92,15.157,0.683,
0.435966,11.26375,85.235278,73,,00 45 03.30,+85 14 07,16.899,15.239,14.625,14.365,14.235,0,,PKM,11.2631402,85.235388,4666,11.2631402,85.235388,-6.54,0.98,0,15.998,0.694,D
1.098568,11.13475,85.306667,74,,00 44 32.34,+85 18 24,17.059,15.411,14.626,14.273,14.078,0,,PKM,11.131734,85.3064875,5979,11.131734,85.306488,0.0,0.0,0,15.617,0.686,D
1.684967,11.13475,85.306667,74,,00 44 32.34,+85 18 24,17.059,15.411,14.626,14.273,14.078,0,,PKM,11.1367239,85.3071063,5978,11.1367239,85.307106,2.98,6.88,0,15.949,1.305,D
1.318976,11.168708,85.255556,75,,00 44 40.49,+85 15 20,16.702,15.183,14.64,14.428,14.351,98,,PKM,11.1685683,85.2559222,4630,11.1685683,85.255922,-5.64,-0.64,98,14.989,0.781,
1.077658,11.356,85.176944,76,,00 45 25.44,+85 10 37,17.224,15.434,14.649,14.363,14.203,98,,PKM,11.3552265,85.1772362,4734,11.3552265,85.177236,-5.39,-0.62,98,14.953,1.007,
0.697623,12.658042,85.197222,77,2158,00 50 37.93,+85 11 50,16.635,15.172,14.653,14.47,14.42,98,,PKM,12.6568205,85.1973866,5454,12.6568205,85.197387,-5.19,-0.3,98,14.821,0.746,
0.603516,11.440417,85.303333,78,,00 45 45.70,+85 18 12,17.474,15.459,14.658,14.002,13.21,84,a,PKM,11.4400415,85.3034978,4563,11.4400415,85.303498,-4.66,0.37,84,16.478,0.705,
0.409522,11.419083,85.233889,79,,00 45 40.58,+85 14 02,16.719,15.214,14.684,14.498,14.415,98,,PKM,11.4184793,85.2339911,4673,11.4184793,85.233991,-5.64,-0.62,98,14.886,0.736,
0.335253,11.469,85.206667,80,1115,00 45 52.56,+85 12 24,16.578,15.202,14.688,14.547,14.462,75,,PKM,11.4683662,85.2067436,4709,11.4683662,85.206744,-6.23,-0.02,75,15.764,0.692,
0.436299,11.089458,85.305278,81,,00 44 21.47,+85 18 19,16.547,15.17,14.694,,14.478,95,,PKM,11.0896898,85.3053977,4559,11.0896898,85.305398,-5.95,-0.42,95,15.016,0.674,D
0.632176,11.152292,85.239444,82,,00 44 36.55,+85 14 22,16.695,15.218,14.697,14.505,14.439,98,,PKM,11.1519732,85.2396176,4656,11.1519732,85.239618,-5.39,-0.44,98,14.898,0.716,D
0.344756,12.703167,85.304167,83,3090,00 50 48.76,+85 18 15,16.387,15.167,14.708,14.544,14.486,0,,PKM,12.7029086,85.3042604,5301,12.7029086,85.30426,0.9,-2.3,0,14.857,0.683,
0.711794,12.451667,85.241111,84,2129,00 49 48.40,+85 14 28,16.741,15.234,14.709,14.531,14.497,97,,PKM,12.4508553,85.2412969,5383,12.4508553,85.241297,-5.77,-0.25,97,14.884,0.749,
1.301964,13.182833,85.185,85,,00 52 43.88,+85 11 06,16.711,15.242,14.72,14.528,14.418,97,,PKM,13.1813513,85.1853396,5751,13.1813513,85.18534,-4.85,-0.25,97,14.917,0.765,
1.209602,10.969458,85.309444,86,,00 43 52.67,+85 18 34,16.653,15.23,14.723,14.547,14.468,89,,PKM,10.9698328,85.3097786,4257,10.9698328,85.309779,-5.17,0.39,89,14.914,0.713,
0.609569,12.322,85.285,87,2103,00 49 17.28,+85 17 06,16.65,15.226,14.726,14.544,14.507,98,,PKM,12.3217737,85.2851683,5320,12.3217737,85.285168,-5.66,-0.38,98,14.903,0.71,D
0.800192,11.907625,85.253611,88,1015,00 47 37.83,+85 15 13,16.931,15.293,14.726,14.532,14.472,97,,PKM,11.9074318,85.2538327,5018,11.9074318,85.253833,-5.79,-0.41,97,14.918,0.787,
0.306048,11.942917,85.214444,89,1097,00 47 46.30,+85 12 52,17.483,15.455,14.729,14.476,14.339,98,,PKM,11.9421588,85.2145008,5095,11.9421588,85.214501,-5.62,-0.57,98,14.988,0.961,
1.130943,11.098,85.328056,90,,00 44 23.52,+85 19 41,16.185,15.038,14.731,14.635,14.547,0,,PKM,11.0985449,85.328367,4535,11.0985449,85.328367,-5.41,1.5,0,14.856,0.486,D
0.578365,13.007125,85.259722,91,,00 52 01.71,+85 15 35,17.002,15.312,14.732,14.545,14.466,0,,PKM,13.006146,85.2598608,5669,13.006146,85.259861,-2.24,0.65,0,14.92,0.824,
0.400403,11.481792,85.258889,92,1048,00 45 55.63,+85 15 32,16.751,15.258,14.734,14.563,14.487,98,,PKM,11.4815184,85.2589979,4625,11.4815184,85.258998,-5.52,-0.39,98,14.926,0.731,
0.515562,13.106125,85.324167,93,,00 52 25.47,+85 19 27,16.645,15.229,14.734,14.554,14.494,90,,PKM,13.1055352,85.3243019,5612,13.1055352,85.324302,-5.86,-1.09,90,14.916,0.729,D
1.204597,11.191,85.256389,94,,00 44 45.84,+85 15 23,16.623,15.225,14.735,14.535,14.512,97,,PKM,11.1907997,85.2567232,4628,11.1907997,85.256723,-4.83,-0.43,97,15.086,0.687,
1.380097,11.103792,85.305278,95,,00 44 24.91,+85 18 19,16.624,15.215,14.747,14.579,14.521,0,,PKM,11.1046417,85.305655,4558,11.1046417,85.305655,-3.03,2.29,0,16.935,0.656,D
0.747453,12.12825,85.260556,96,1010,00 48 30.78,+85 15 38,16.694,15.256,14.757,14.594,14.503,98,,PKM,12.1280005,85.2607626,4998,12.1280005,85.260763,-5.59,-0.41,98,14.923,0.706,
0.569577,13.069167,85.1975,97,,00 52 16.60,+85 11 51,18.556,15.902,14.761,14.295,14.07,0,,PKM,13.0676621,85.1975957,5740,13.0676621,85.197596,9.26,1.61,0,15.243,1.276,D
0.073168,12.080917,85.311389,98,,00 48 19.42,+85 18 41,17.033,15.363,14.761,14.554,14.471,98,,PKM,12.0808512,85.3114086,4926,12.0808512,85.311409,-5.33,-0.52,98,14.985,0.819,
0.149228,12.351167,85.264722,99,2111,00 49 24.28,+85 15 53,18.621,15.939,14.763,14.286,14.017,0,,PKM,12.3506725,85.2647292,5345,12.3506725,85.264729,6.52,-17.72,0,15.268,1.292,
0.931323,11.831208,85.293056,100,2084,00 47 19.49,+85 17 35,16.709,15.269,14.765,14.588,14.518,97,,PKM,11.831296,85.2933146,4944,11.831296,85.293315,-5.82,-0.28,97,14.954,0.711,
0.591487,11.930458,85.2075,101,1099,00 47 43.31,+85 12 27,16.781,15.287,14.767,14.582,14.534,98,,PKM,11.9299444,85.2076586,5102,11.9299444,85.207659,-5.35,-0.38,98,14.94,0.734,
0.693695,11.921917,85.229167,102,1091,00 47 41.26,+85 13 45,16.695,15.262,14.769,14.607,14.526,96,,PKM,11.9214251,85.2293553,5067,11.9214251,85.229355,-5.69,-0.84,96,14.936,0.701,
0.577126,12.2195,85.202222,103,2153,00 48 52.68,+85 12 08,16.705,15.266,14.775,14.601,14.561,98,,PKM,12.2186625,85.2023662,5445,12.2186625,85.202366,-5.47,-0.58,98,14.936,0.711,
0.476672,11.249958,85.265278,104,,00 44 59.99,+85 15 55,16.666,15.28,14.785,14.603,14.531,98,,PKM,11.2499765,85.2654104,4616,11.2499765,85.26541,-5.07,-0.38,98,14.973,0.686,
0.704173,12.88875,85.166111,105,,00 51 33.30,+85 09 58,17.164,15.426,14.789,14.553,14.469,98,,PKM,12.8871713,85.1662544,5767,12.8871713,85.166254,-5.19,-0.35,98,15.026,0.877,
0.941328,12.47225,85.294722,106,2096,00 49 53.34,+85 17 41,16.749,15.305,14.791,14.607,14.561,98,,PKM,12.4720782,85.2949831,5309,12.4720782,85.294983,-5.45,-0.76,98,14.971,0.728,
1.133330,11.217958,85.173333,107,,00 44 52.31,+85 10 24,17.665,15.559,14.804,14.525,14.364,97,,PKM,11.2172124,85.1736415,4736,11.2172124,85.173642,-5.42,-0.88,97,15.098,0.982,
0.162027,12.154417,85.221667,108,1088,00 48 37.06,+85 13 18,17.384,15.49,14.805,14.557,14.469,95,,PKM,12.153877,85.2216685,5084,12.153877,85.221669,-5.81,-0.87,95,15.044,0.91,
0.252072,11.396458,85.284444,109,,00 45 35.15,+85 17 04,16.731,15.312,14.81,14.616,14.541,98,,PKM,11.3965711,85.2845134,5975,11.3965711,85.284513,-4.92,-0.45,98,15.008,0.692,D
0.270147,12.869375,85.231111,110,,00 51 28.65,+85 13 52,16.716,15.303,14.811,14.638,14.527,98,,PKM,12.8685347,85.2311384,5697,12.8685347,85.231138,-5.27,-0.05,98,14.966,0.727,
1.071218,13.160583,85.183333,111,,00 52 38.54,+85 11 00,16.691,15.304,14.813,14.627,14.521,98,,PKM,13.1592323,85.1836081,5757,13.1592323,85.183608,-5.15,-0.37,98,14.998,0.724,
0.335640,11.668833,85.244444,112,1076,00 46 40.52,+85 14 40,16.723,15.313,14.824,14.647,14.589,97,,PKM,11.6685439,85.2445341,5040,11.6685439,85.244534,-5.68,-0.14,97,15.018,0.681,
0.391406,12.367417,85.190278,113,,00 49 28.18,+85 11 25,16.612,15.292,14.827,14.657,14.555,98,,PKM,12.3662547,85.1902298,5463,12.3662547,85.19023,-5.41,-0.53,98,14.981,0.685,
0.599695,13.06725,85.228889,114,,00 52 16.14,+85 13 44,16.751,15.321,14.829,14.657,14.59,97,,PKM,13.0661089,85.2290259,5699,13.0661089,85.229026,-5.14,0.0,97,14.979,0.725,
1.243840,11.012333,85.194722,115,,00 44 02.96,+85 11 41,17.778,15.62,14.83,14.536,14.367,94,,PKM,11.0119606,85.1950661,4375,11.0119606,85.195066,-5.17,-1.12,94,15.139,1.019,
0.247842,11.432875,85.310278,116,,00 45 43.89,+85 18 37,16.73,15.327,14.83,14.657,14.596,92,,PKM,11.4329706,85.3103464,4554,11.4329706,85.310346,-5.12,-1.16,92,15.039,0.678,D
0.136024,12.068375,85.279444,117,1030,00 48 16.41,+85 16 46,16.798,15.351,14.833,14.65,14.604,85,,PKM,12.068288,85.2794811,4965,12.068288,85.279481,-5.91,0.22,85,15.287,0.705,D
0.978745,12.794292,85.241111,118,2133,00 51 10.63,+85 14 28,16.659,15.297,14.833,14.663,14.569,89,,PKM,12.7934755,85.2413743,5381,12.7934755,85.241374,-5.17,0.37,89,15.028,0.698,
0.480333,11.708125,85.285,119,1042,00 46 49.95,+85 17 06,17.63,15.586,14.838,14.574,14.378,97,,PKM,11.7077543,85.2851299,4956,11.7077543,85.28513,-5.13,-0.83,97,15.12,0.974,
0.873465,12.404167,85.277222,120,4665,00 49 37.00,+85 16 38,16.514,15.26,14.855,14.73,14.636,98,,PKM,12.403576,85.2774597,5325,12.403576,85.27746,-5.43,-0.19,98,14.978,0.605,
0.476571,11.596083,85.286944,121,1043,00 46 23.06,+85 17 13,16.539,15.266,14.867,14.748,14.688,98,,PKM,11.5957788,85.287074,4589,11.5957788,85.287074,-5.29,-0.43,98,14.995,0.595,
0.809709,12.252333,85.273333,122,2107,00 49 00.56,+85 16 24,16.777,15.36,14.873,14.707,14.655,98,,PKM,12.2521306,85.2735573,5332,12.2521306,85.273557,-5.55,-0.3,98,15.054,0.686,D
1.016476,11.324083,85.163056,123,,00 45 17.78,+85 09 47,16.789,15.386,14.889,14.725,14.627,98,,PKM,11.3233288,85.1633311,4749,11.3233288,85.163331,-5.44,-0.6,98,15.065,0.697,
0.043293,11.960833,85.261944,124,4584,00 47 50.60,+85 15 43,16.812,15.386,14.894,14.748,14.664,0,,PKM,11.9606957,85.261948,4997,11.9606957,85.261948,-0.6,4.48,0,15.22,0.668,D
1.113835,11.1145,85.236111,125,,00 44 27.48,+85 14 10,16.842,15.399,14.896,14.722,14.718,98,,PKM,11.1142886,85.2364199,4663,11.1142886,85.23642,-5.46,-0.37,98,15.078,0.696,D
0.622181,11.513792,85.282222,126,1045,00 46 03.31,+85 16 56,16.756,15.374,14.898,14.739,14.73,97,,PKM,11.5134339,85.2823923,4595,11.5134339,85.282392,-5.27,-0.85,97,15.061,0.674,
1.293084,11.800958,85.264722,127,,00 47 12.23,+85 15 53,,15.407,14.898,14.772,,94,b,PKM,11.7989279,85.2650397,4991,11.7989279,85.26504,-6.0,-0.59,94,17.985,1.026,D
0.806104,11.50525,85.304722,128,,00 46 01.26,+85 18 17,16.76,15.375,14.902,14.716,14.666,98,,PKM,11.5054836,85.3049451,4560,11.5054836,85.304945,-5.37,-0.35,98,15.073,0.678,
0.626627,11.2475,85.197222,129,,00 44 59.40,+85 11 50,16.709,15.37,14.905,14.738,14.739,97,,PKM,11.247012,85.1973912,4723,11.247012,85.197391,-5.46,-0.83,97,15.061,0.662,
1.269421,11.188042,85.224722,130,,00 44 45.13,+85 13 29,16.736,15.385,14.916,14.768,14.725,98,,PKM,11.1876495,85.2250731,4688,11.1876495,85.225073,-5.59,-0.33,98,15.082,0.652,
0.515867,12.827333,85.295556,131,,00 51 18.56,+85 17 44,17.379,15.608,14.925,14.645,14.497,0,,PKM,12.8269494,85.2956958,5636,12.8269494,85.295696,-4.16,2.97,0,15.156,0.93,
0.440052,11.903208,85.276111,132,1027,00 47 36.77,+85 16 34,17.294,15.51,14.93,14.753,14.681,96,,PKM,11.9029891,85.2762319,4973,11.9029891,85.276232,-5.72,-0.82,96,15.135,0.805,
0.484348,11.824542,85.253333,133,1017,00 47 17.89,+85 15 12,16.809,15.414,14.949,14.82,14.754,97,,PKM,11.8240802,85.253462,5019,11.8240802,85.253462,-5.82,-0.55,97,15.088,0.668,
0.601997,13.065333,85.245556,134,,00 52 15.68,+85 14 44,16.812,15.447,14.95,14.768,14.653,0,,PKM,13.0649154,85.2457196,5685,13.0649154,85.24572,-0.91,-1.31,0,15.213,0.692,D
0.440446,11.267917,85.233056,135,,00 45 04.30,+85 13 59,17.157,15.561,14.953,14.745,14.654,85,,PKM,11.267246,85.2331649,4675,11.267246,85.233165,-5.87,-1.14,85,16.089,0.719,
1.016865,12.816917,85.163056,136,,00 51 16.06,+85 09 47,17.685,15.705,14.954,14.689,14.629,0,,PKM,12.8154226,85.1633088,5769,12.8154226,85.163309,-1.67,-3.1,0,15.243,0.958,
0.631001,11.831625,85.221944,137,1101,00 47 19.59,+85 13 19,16.785,15.427,14.96,14.8,14.742,98,,PKM,11.8311848,85.2221154,5083,11.8311848,85.222115,-5.24,-0.21,98,15.101,0.672,
0.156091,12.074083,85.278056,138,1029,00 48 17.78,+85 16 41,17.0,15.494,14.964,14.796,14.785,64,,PKM,12.0739849,85.2780986,4968,12.0739849,85.278099,-5.51,-1.51,64,16.294,0.745,D
0.754547,11.640375,85.167778,139,,00 46 33.69,+85 10 04,17.033,15.543,14.97,14.748,14.689,0,,PKM,11.6397155,85.1679801,5151,11.6397155,85.16798,-10.1,6.28,0,15.175,0.78,
0.414149,11.818458,85.259722,140,4691,00 47 16.43,+85 15 35,17.187,15.581,14.988,14.83,14.691,71,,PKM,11.8179719,85.2598298,5004,11.8179719,85.25983,-6.35,-0.42,71,16.104,0.8,D
1.062713,11.185833,85.314722,141,,00 44 44.60,+85 18 53,16.796,15.45,14.99,14.837,14.755,98,,PKM,11.1859261,85.3150171,4549,11.1859261,85.315017,-5.26,-0.09,98,15.161,0.66,
0.225697,12.272708,85.270556,142,2108,00 49 05.45,+85 16 14,16.802,15.451,14.991,14.851,14.774,98,,PKM,12.2724999,85.2706163,5338,12.2724999,85.270616,-5.54,-0.29,98,15.138,0.67,
0.586233,12.443042,85.181111,143,,00 49 46.33,+85 10 52,16.858,15.484,14.996,14.818,14.786,0,,PKM,12.4416462,85.181224,5884,12.4416462,85.181224,-5.98,2.21,0,15.447,0.683,D
0.527443,12.790458,85.275556,144,,00 51 09.71,+85 16 32,16.931,15.504,14.999,14.83,14.805,0,,PKM,12.7902956,85.2757019,5943,12.7902956,85.275702,-2.25,2.97,0,15.316,0.688,D
0.583385,11.652292,85.2175,145,1108,00 46 36.55,+85 13 03,16.98,15.502,15.004,14.845,14.802,98,,PKM,11.6516021,85.2176515,5090,11.6516021,85.217652,-5.51,-0.16,98,15.149,0.71,
0.978744,11.765083,85.226667,146,1103,00 47 03.62,+85 13 36,16.844,15.481,15.019,14.86,14.758,96,,PKM,11.7644307,85.2269334,5075,11.7644307,85.226933,-5.79,-0.74,96,15.175,0.665,
0.680526,11.850333,85.204444,147,1100,00 47 24.08,+85 12 16,17.002,15.555,15.05,14.892,14.836,97,,PKM,11.8495487,85.2046213,5106,11.8495487,85.204621,-5.36,0.0,97,15.214,0.717,
0.293955,11.703958,85.212222,148,1111,00 46 48.95,+85 12 44,16.909,15.53,15.053,14.919,14.976,98,,PKM,11.7031597,85.2122692,5842,11.7031597,85.212269,-5.3,-0.21,98,15.199,0.681,
0.456835,11.473417,85.241944,149,1060,00 45 53.62,+85 14 31,16.863,15.523,15.074,14.927,14.823,97,,PKM,11.4729877,85.2420658,4651,11.4729877,85.242066,-5.66,-0.79,97,15.227,0.649,
0.917734,11.660458,85.272222,150,1037,00 46 38.51,+85 16 20,17.038,15.588,15.084,14.92,14.867,98,,PKM,11.6600785,85.272475,4983,11.6600785,85.272475,-5.41,-0.74,98,15.257,0.707,
1.057516,11.551625,85.233611,151,1335,00 46 12.39,+85 14 01,17.194,15.65,15.085,14.943,14.912,0,,PKM,11.5500144,85.2338725,5912,11.5500144,85.233873,-7.02,1.12,0,16.386,0.831,D
0.913900,11.322375,85.205833,152,,00 45 17.37,+85 12 21,16.921,15.55,15.089,14.91,14.877,98,,PKM,11.3217371,85.2060812,4712,11.3217371,85.206081,-5.53,-0.5,98,15.333,0.675,
0.427075,12.997833,85.264167,153,,00 51 59.48,+85 15 51,16.923,15.555,15.091,14.924,14.844,94,,PKM,12.9971373,85.2642708,5666,12.9971373,85.264271,-4.65,-0.34,94,15.218,0.689,
0.690280,12.630417,85.225833,154,2137,00 50 31.30,+85 13 33,16.86,15.545,15.097,14.958,14.909,98,,PKM,12.6295253,85.2260098,5408,12.6295253,85.22601,-5.47,-0.36,98,15.23,0.671,
0.787694,11.561375,85.327778,155,,00 46 14.73,+85 19 40,,15.832,15.101,14.797,14.37,96,,PKM,11.5611928,85.3279963,4536,11.5611928,85.327996,-5.12,-0.66,96,17.537,0.985,
0.433176,11.379667,85.288056,156,,00 45 31.12,+85 17 17,16.924,15.571,15.108,14.941,14.925,98,,PKM,11.3796362,85.2881763,4586,11.3796362,85.288176,-4.98,-0.27,98,15.288,0.675,
0.895894,11.081833,85.203889,157,,00 44 19.64,+85 12 14,16.582,15.457,15.11,14.985,14.877,0,,PKM,11.0812243,85.2041326,4716,11.0812243,85.204133,-6.4,4.81,0,15.226,0.514,
0.832705,11.686,85.282222,158,1041,00 46 44.64,+85 16 56,17.03,15.623,15.117,14.952,14.903,98,,PKM,11.6857653,85.2824525,4962,11.6857653,85.282453,-5.43,-0.64,98,15.291,0.711,
0.761561,11.2575,85.150278,159,,00 45 01.80,+85 09 01,16.97,15.592,15.126,14.957,14.831,97,,PKM,11.2564343,85.1504694,4763,11.2564343,85.150469,-5.21,-0.86,97,15.287,0.673,
0.740463,11.679792,85.268056,160,1040,00 46 43.15,+85 16 05,17.03,15.61,15.131,14.97,14.923,97,,PKM,11.6795745,85.2682609,4986,11.6795745,85.268261,-5.72,-0.53,97,15.28,0.69,
1.209266,11.180083,85.193333,161,,00 44 43.22,+85 11 36,16.982,15.608,15.132,14.97,14.867,98,,PKM,11.1794505,85.1936647,4726,11.1794505,85.193665,-5.44,-0.48,98,15.307,0.675,D
0.840739,11.479125,85.166944,162,,00 45 54.99,+85 10 01,16.645,15.571,15.15,14.983,14.933,0,,PKM,11.4781277,85.1671619,4744,11.4781277,85.167162,1.39,11.77,0,15.297,0.601,
1.423367,10.982458,85.301667,163,,00 43 55.79,+85 18 06,17.065,15.644,15.156,15.004,14.893,96,,PKM,10.9827976,85.3020614,4267,10.9827976,85.302061,-4.79,-0.33,96,15.335,0.693,
0.748290,13.029583,85.198611,164,,00 52 07.10,+85 11 55,16.968,15.624,15.159,14.98,14.858,96,,PKM,13.0283166,85.1987898,5738,13.0283166,85.19879,-4.95,-0.04,96,15.316,0.691,
0.669628,12.489417,85.173056,165,,00 49 57.46,+85 10 23,16.988,15.62,15.16,15.01,14.939,98,,PKM,12.4883829,85.1732204,5476,12.4883829,85.17322,-5.34,-0.35,98,15.3,0.679,
0.281552,11.62025,85.270278,166,1038,00 46 28.86,+85 16 13,17.126,15.672,15.161,15.007,14.883,98,,PKM,11.6200528,85.2703545,4609,11.6200528,85.270354,-5.6,-0.61,98,15.339,0.713,
0.681389,11.933208,85.258611,167,1014,00 47 43.97,+85 15 31,17.063,15.646,15.165,15.017,15.02,95,,PKM,11.9325921,85.2587933,5006,11.9325921,85.258793,-5.85,-0.77,95,15.487,0.652,
1.010292,11.73025,85.170556,168,,00 46 55.26,+85 10 14,17.059,15.678,15.166,14.986,14.938,98,,PKM,11.7296275,85.1708317,5147,11.7296275,85.170832,-5.15,-0.24,98,15.347,0.722,
0.923201,11.096167,85.288889,169,,00 44 23.08,+85 17 20,16.965,15.627,15.168,15.001,14.813,95,,PKM,11.0963034,85.2891452,4584,11.0963034,85.289145,-4.69,-0.48,95,15.387,0.667,
0.533517,11.241542,85.277778,170,,00 44 57.97,+85 16 40,17.094,15.7,15.227,15.072,15.106,98,,PKM,11.2416078,85.2779261,4602,11.2416078,85.277926,-5.09,-0.42,98,15.389,0.679,
0.808352,12.799958,85.185833,171,,00 51 11.99,+85 11 09,17.096,15.709,15.229,15.047,15.033,97,,PKM,12.7987255,85.1860323,5752,12.7987255,85.186032,-4.94,-0.21,97,15.382,0.706,
0.539110,11.893667,85.263889,172,1025,00 47 34.48,+85 15 50,17.072,15.691,15.242,15.113,15.114,98,,PKM,11.8933903,85.264037,4992,11.8933903,85.264037,-5.62,-0.71,98,15.37,0.653,
0.856672,12.917958,85.165556,173,,00 51 40.31,+85 09 56,17.683,16.007,15.243,14.692,14.352,0,a,PKM,12.9158908,85.1657181,5768,12.9158908,85.165718,9.25,3.58,0,15.638,0.941,
0.214708,12.545625,85.243889,174,2127,00 50 10.95,+85 14 38,16.835,15.625,15.253,15.138,15.114,98,,PKM,12.5449665,85.243913,5379,12.5449665,85.243913,-5.15,-0.35,98,15.372,0.57,
0.720277,12.655292,85.2325,175,2132,00 50 37.27,+85 13 57,16.962,15.678,15.257,15.121,15.171,96,,PKM,12.6547584,85.2326951,5397,12.6547584,85.232695,-5.0,0.04,96,15.389,0.63,
0.183909,12.178,85.193333,176,,00 48 42.72,+85 11 36,17.187,15.785,15.276,15.091,14.931,0,,PKM,12.1774187,85.1933484,5121,12.1774187,85.193348,-2.92,-0.1,0,15.509,0.685,D
0.335409,11.302,85.236944,177,,00 45 12.48,+85 14 13,17.084,15.737,15.284,15.133,15.085,98,,PKM,11.3016681,85.237033,4661,11.3016681,85.237033,-5.4,-0.09,98,15.437,0.645,
0.839026,12.097917,85.254167,178,1009,00 48 23.50,+85 15 15,17.541,15.88,15.285,15.09,15.048,0,,PKM,12.0974618,85.254397,5012,12.0974618,85.254397,2.57,5.74,0,15.496,0.802,D
1.551431,10.988417,85.238056,179,,00 43 57.22,+85 14 17,17.16,15.755,15.286,15.087,15.049,97,,PKM,10.9878987,85.2384848,4331,10.9878987,85.238485,-5.61,-0.77,97,15.603,0.702,
1.219780,11.38375,85.2375,180,,00 45 32.10,+85 14 15,17.428,15.898,15.287,15.179,15.173,60,,PKM,11.3830998,85.2378345,4659,11.3830998,85.237835,-6.17,0.27,60,16.348,0.832,D
0.924653,11.11175,85.155556,181,,00 44 26.82,+85 09 20,17.113,15.759,15.293,15.076,14.837,98,,PKM,11.111174,85.1558082,4760,11.111174,85.155808,-5.11,-0.6,98,15.458,0.66,
1.112263,11.559208,85.181944,182,,00 46 14.21,+85 10 55,17.277,15.816,15.3,15.118,15.061,98,,PKM,11.5584426,85.1822462,4732,11.5584426,85.182246,-5.18,-0.76,98,15.468,0.737,
0.396316,11.752583,85.230556,183,1104,00 47 00.62,+85 13 50,17.134,15.778,15.304,15.136,15.077,98,,PKM,11.7521488,85.23066,5066,11.7521488,85.23066,-5.24,-0.21,98,15.467,0.669,
1.014835,13.0105,85.234722,184,,00 52 02.52,+85 14 05,17.254,15.81,15.319,15.143,15.147,97,,PKM,13.009574,85.2349932,5695,13.009574,85.234993,-4.82,-0.56,97,15.463,0.72,
0.163756,11.964708,85.228333,185,1092,00 47 51.53,+85 13 42,17.195,15.813,15.335,15.137,15.102,98,,PKM,11.964162,85.2283355,5071,11.964162,85.228336,-5.71,-0.39,98,15.5,0.681,
0.750143,11.007667,85.239444,186,,00 44 01.84,+85 14 22,17.234,15.881,15.356,15.206,15.167,98,,PKM,11.0075168,85.239652,4328,11.0075168,85.239652,-5.24,-0.58,98,15.728,0.697,
0.638870,12.186,85.295,187,2097,00 48 44.64,+85 17 42,17.176,15.82,15.357,15.211,15.17,98,,PKM,12.185907,85.2951773,4939,12.185907,85.295177,-5.41,-0.64,98,15.51,0.671,
0.126007,11.795958,85.249444,188,1080,00 47 11.03,+85 14 58,17.219,15.832,15.363,15.23,15.203,95,,PKM,11.7956935,85.2494713,5029,11.7956935,85.249471,-5.83,-0.79,95,15.505,0.672,
1.280835,13.206083,85.224167,189,,00 52 49.46,+85 13 27,17.225,15.845,15.364,15.184,14.987,98,,PKM,13.2048678,85.2245081,5705,13.2048678,85.224508,-5.17,-0.46,98,15.527,0.698,
0.731406,12.238917,85.167778,190,,00 48 57.34,+85 10 04,17.183,15.829,15.367,15.207,15.236,98,,PKM,12.2380473,85.1679675,5482,12.2380473,85.167968,-5.28,-0.08,98,15.51,0.676,
0.777754,11.535792,85.221111,191,,00 46 08.59,+85 13 16,19.342,16.664,15.384,14.751,14.412,0,,PKM,11.535263,85.2213225,4691,11.535263,85.221322,3.59,-18.82,0,15.961,1.426,
0.982088,11.867167,85.327778,192,,00 47 28.12,+85 19 40,17.225,15.859,15.387,15.193,14.955,98,,PKM,11.8671534,85.3280508,4910,11.8671534,85.328051,-5.14,-0.46,98,15.578,0.679,
0.178296,11.935833,85.260278,193,1013,00 47 44.60,+85 15 37,17.28,15.878,15.388,15.205,15.136,97,,PKM,11.9353337,85.2603054,5003,11.9353337,85.260305,-5.84,-0.35,97,16.911,0.849,
0.089605,12.418875,85.271667,194,2106,00 49 40.53,+85 16 18,17.182,15.847,15.391,15.261,15.197,98,,PKM,12.4186511,85.2716837,5335,12.4186511,85.271684,-5.32,-0.38,98,15.527,0.665,
0.956027,12.889042,85.157222,195,,00 51 33.37,+85 09 26,17.257,15.883,15.42,15.241,15.099,97,,PKM,12.8874572,85.1574514,5778,12.8874572,85.157451,-4.85,-0.44,97,15.558,0.688,
0.893512,11.230625,85.205556,196,,00 44 55.35,+85 12 20,17.259,15.903,15.43,15.258,15.259,97,,PKM,11.2301143,85.2058005,4713,11.2301143,85.2058,-5.19,-0.86,97,15.583,0.677,
0.062953,12.672125,85.323889,197,,00 50 41.31,+85 19 26,17.282,15.919,15.46,15.305,15.318,90,,PKM,12.6719127,85.3238865,5287,12.6719127,85.323887,-4.54,-0.28,90,15.605,0.691,
0.735331,12.47275,85.2175,198,2145,00 49 53.46,+85 13 03,17.314,15.938,15.465,15.311,15.254,98,,PKM,12.4717671,85.2176871,5424,12.4717671,85.217687,-5.64,-0.51,98,15.615,0.686,
0.427248,11.858708,85.161667,199,,00 47 26.09,+85 09 42,17.303,15.937,15.473,15.322,15.252,98,,PKM,11.8578429,85.1617606,5155,11.8578429,85.161761,-5.14,-0.22,98,15.632,0.67,
0.473674,12.19675,85.18,200,,00 48 47.22,+85 10 48,17.553,16.003,15.482,15.3,15.286,0,,PKM,12.195755,85.1801016,5844,12.195755,85.180102,-1.24,1.38,0,15.65,0.747,
0.453054,13.013917,85.196389,201,,00 52 03.34,+85 11 47,17.332,15.956,15.484,15.325,15.228,97,,PKM,13.0128198,85.196475,5741,13.0128198,85.196475,-4.83,-0.35,97,15.658,0.709,
0.341494,12.436625,85.200833,202,2157,00 49 44.79,+85 12 03,17.323,15.959,15.484,15.319,15.344,98,,PKM,12.4355877,85.2008713,5451,12.4355877,85.200871,-5.68,-0.56,98,15.63,0.693,
0.328064,12.187333,85.170556,203,,00 48 44.96,+85 10 14,18.309,16.281,15.489,,15.013,0,b,PKM,12.1864107,85.1706037,5146,12.1864107,85.170604,-2.5,2.02,0,15.913,0.983,
0.419591,12.433958,85.165556,204,,00 49 44.15,+85 09 56,17.643,16.082,15.508,15.319,15.222,0,,PKM,12.4328558,85.1656264,5488,12.4328558,85.165626,-12.32,4.06,0,15.699,0.794,
0.606609,11.007333,85.151667,205,,00 44 01.76,+85 09 06,17.542,16.048,15.509,15.286,15.128,98,,PKM,11.0066596,85.1518256,4411,11.0066596,85.151826,-5.25,-0.1,98,15.709,0.736,
0.665835,11.341042,85.207222,206,,00 45 21.85,+85 12 26,17.332,16.036,15.512,15.331,15.152,98,,PKM,11.3406614,85.2074042,4708,11.3406614,85.207404,-5.14,-0.48,98,15.985,0.701,
0.498561,12.615417,85.252222,207,6826,00 50 27.70,+85 15 08,17.65,16.132,15.514,15.177,15.153,0,,PKM,12.6148083,85.252351,5361,12.6148083,85.252351,-3.25,-0.98,0,15.831,0.812,D
1.191847,11.17,85.218889,208,,00 44 40.80,+85 13 08,17.031,15.907,15.531,15.399,15.307,80,,PKM,11.1694432,85.2192168,4695,11.1694432,85.219217,-4.69,-1.16,80,15.648,0.549,
0.202575,11.819417,85.174167,209,,00 47 16.66,+85 10 27,17.44,16.026,15.534,15.345,15.264,95,,PKM,11.8187499,85.1741629,5143,11.8187499,85.174163,-4.7,-0.38,95,15.708,0.709,
0.669520,11.596292,85.237222,210,1074,00 46 23.11,+85 14 14,17.471,16.062,15.534,15.28,15.114,93,,PKM,11.5958797,85.2374048,4660,11.5958797,85.237405,-5.66,0.18,93,15.739,0.695,
0.653809,11.58125,85.256389,211,1049,00 46 19.50,+85 15 23,17.403,16.009,15.539,15.353,15.391,97,,PKM,11.5808023,85.2565668,4627,11.5808023,85.256567,-5.56,-0.78,97,15.694,0.677,
0.672867,11.05375,85.274167,212,,00 44 12.90,+85 16 27,17.485,16.053,15.541,15.348,15.307,98,,PKM,11.0535528,85.2743532,4607,11.0535528,85.274353,-5.08,-0.54,98,15.793,0.686,
0.960631,11.720083,85.295278,213,2083,00 46 52.82,+85 17 43,17.4,16.025,15.542,15.393,15.307,97,,PKM,11.7199445,85.2955446,4941,11.7199445,85.295545,-5.76,-0.45,97,15.714,0.694,
1.042960,11.069917,85.288611,214,,00 44 16.78,+85 17 19,17.352,16.006,15.546,15.346,15.199,98,,PKM,11.0697824,85.2889005,4585,11.0697824,85.2889,-5.46,-0.59,98,15.822,0.683,
0.157673,11.64625,85.325556,215,,00 46 35.10,+85 19 32,17.395,16.023,15.554,15.403,15.318,98,,PKM,11.6464065,85.3255979,5838,11.6464065,85.325598,-5.44,-0.08,98,15.684,0.694,
0.561339,12.069875,85.194167,216,2184,00 48 16.77,+85 11 39,17.5,16.076,15.563,15.334,15.221,98,,PKM,12.0689153,85.1943006,5119,12.0689153,85.194301,-5.37,-0.66,98,15.875,0.703,
0.444303,11.217167,85.265,217,,00 44 52.12,+85 15 54,17.573,16.128,15.569,15.355,15.267,98,,PKM,11.2169575,85.2651222,4618,11.2169575,85.265122,-5.21,-0.51,98,15.789,0.722,
0.630583,12.26275,85.171111,218,,00 49 03.06,+85 10 16,17.417,16.051,15.575,15.384,15.353,95,,PKM,12.2616389,85.1712591,5477,12.2616389,85.171259,-4.92,0.08,95,15.731,0.69,
0.803646,12.156042,85.241389,219,4732,00 48 37.45,+85 14 29,18.022,16.222,15.58,15.355,15.293,0,,PKM,12.1554572,85.2416069,5051,12.1554572,85.241607,9.28,-3.03,0,15.806,0.851,
0.747587,12.708833,85.269722,220,,00 50 50.12,+85 16 11,17.84,16.234,15.586,15.188,14.982,96,,PKM,12.7078532,85.2699133,5337,12.7078532,85.269913,-5.84,-0.71,96,15.759,0.848,D
0.432061,12.047792,85.230833,221,1090,00 48 11.47,+85 13 51,17.708,16.141,15.586,15.4,15.418,95,,PKM,12.0470885,85.2309378,5065,12.0470885,85.230938,-5.92,-0.51,95,15.754,0.769,
1.089343,10.992417,85.248333,222,,00 43 58.18,+85 14 54,17.583,16.134,15.597,15.404,15.346,97,,PKM,10.9922858,85.2486354,4318,10.9922858,85.248635,-5.23,-0.93,97,15.861,0.706,D
1.152379,11.506458,85.326667,223,,00 46 01.55,+85 19 36,17.514,16.096,15.607,15.363,14.97,98,,PKM,11.5068386,85.3269856,4538,11.5068386,85.326986,-5.14,-0.39,98,15.774,0.686,
0.351720,12.604792,85.183889,224,,00 50 25.15,+85 11 02,17.352,16.048,15.608,15.46,15.35,98,,PKM,12.6036993,85.1839226,5467,12.6036993,85.183923,-5.17,-0.24,98,15.744,0.659,
0.612264,12.84,85.201389,225,,00 51 21.60,+85 12 05,17.54,16.133,15.612,15.399,15.243,0,,PKM,12.8390508,85.2015394,5736,12.8390508,85.201539,-4.76,-3.26,0,15.785,0.747,
0.806274,12.170583,85.170556,226,,00 48 40.94,+85 10 14,,16.463,15.629,15.323,15.174,0,,PKM,12.1686043,85.1707057,5145,12.1686043,85.170706,4.9,1.1,0,17.66,1.225,
0.170221,11.715667,85.241111,227,1136,00 46 51.76,+85 14 28,,16.386,15.639,15.397,15.181,79,,PKM,11.7153483,85.2410718,5053,11.7153483,85.241072,-5.28,-1.62,79,17.714,1.084,
1.338005,11.053292,85.193056,228,,00 44 12.79,+85 11 35,18.123,16.421,15.65,15.315,15.087,0,,PKM,11.0513366,85.1933896,5907,11.0513366,85.19339,-15.85,-4.02,0,16.388,0.782,D
1.203353,10.987292,85.188333,229,,00 43 56.95,+85 11 18,17.665,16.177,15.655,15.456,15.431,98,,PKM,10.9866009,85.1886622,4381,10.9866009,85.188662,-5.21,-0.79,98,15.966,0.71,D
0.264414,11.709333,85.261389,230,1021,00 46 50.24,+85 15 41,17.529,16.124,15.663,15.5,15.61,97,,PKM,11.7090526,85.2614587,4999,11.7090526,85.261459,-5.71,-0.71,97,15.796,0.675,
0.596788,11.75275,85.278056,231,1034,00 47 00.66,+85 16 41,17.607,16.154,15.666,15.48,15.468,90,,PKM,11.7525825,85.2782212,4969,11.7525825,85.278221,-6.1,-0.59,90,15.868,0.705,
0.248898,12.345875,85.202222,232,2156,00 49 23.01,+85 12 08,17.557,16.16,15.668,15.521,15.352,97,,PKM,12.3451813,85.2022596,5446,12.3451813,85.20226,-5.75,-0.67,97,15.923,0.704,
0.315148,12.130375,85.161111,233,,00 48 31.29,+85 09 40,17.59,16.145,15.674,15.479,15.507,98,,PKM,12.1293395,85.1611052,5156,12.1293395,85.161105,-5.08,-0.31,98,15.832,0.705,
0.429029,11.932667,85.191111,234,,00 47 43.84,+85 11 28,17.925,16.269,15.679,15.472,15.317,98,,PKM,11.9317189,85.1911998,5127,11.9317189,85.1912,-5.44,-0.4,98,15.872,0.803,
0.665090,12.494,85.245833,235,2125,00 49 58.56,+85 14 45,17.586,16.169,15.684,15.509,15.353,98,,PKM,12.4933653,85.2460101,5374,12.4933653,85.24601,-5.59,-0.15,98,15.881,0.698,
0.648083,12.169792,85.170556,236,,00 48 40.75,+85 10 14,,16.536,15.687,15.308,15.148,0,,PKM,12.1686043,85.1707057,5145,12.1686043,85.170706,4.9,1.1,0,17.66,1.225,
0.651617,12.866917,85.212222,237,,00 51 28.06,+85 12 44,17.69,16.211,15.69,15.397,15.299,98,,PKM,12.8659569,85.2123843,5724,12.8659569,85.212384,-5.23,-0.47,98,15.961,0.739,
0.728633,10.98525,85.225833,238,,00 43 56.46,+85 13 33,,,15.691,15.471,,88,b,PKM,10.9856384,85.2260328,4342,10.9856384,85.226033,-4.78,-1.02,88,18.743,1.253,D
0.481385,11.726708,85.249444,239,1079,00 46 54.41,+85 14 58,17.564,16.166,15.693,15.556,15.54,96,,PKM,11.726164,85.2495699,5028,11.726164,85.24957,-5.75,-0.77,96,15.815,0.677,
0.654379,11.966,85.273611,240,1028,00 47 51.84,+85 16 25,17.7,16.235,15.698,15.505,15.509,98,,PKM,11.9656523,85.2737905,4981,11.9656523,85.273791,-5.58,-0.66,98,15.99,0.692,D
0.971052,12.44,85.248889,241,2124,00 49 45.60,+85 14 56,17.988,16.298,15.707,15.528,15.538,94,,PKM,12.4394598,85.249155,5367,12.4394598,85.249155,-6.01,-0.43,94,15.859,0.805,
0.710091,10.991792,85.191389,242,,00 43 58.03,+85 11 29,17.658,16.22,15.72,15.552,15.388,98,,PKM,10.9912138,85.1915802,4379,10.9912138,85.19158,-5.2,-0.63,98,15.888,0.716,
0.710989,12.693042,85.275833,243,2115,00 50 46.33,+85 16 33,17.69,16.226,15.722,15.569,15.413,98,,PKM,12.6926544,85.2760279,5326,12.6926544,85.276028,-5.0,-0.31,98,15.866,0.731,
0.792083,12.09375,85.265,244,1011,00 48 22.50,+85 15 54,18.345,16.481,15.724,15.405,15.252,95,,PKM,12.0933806,85.2652179,4989,12.0933806,85.265218,-5.63,-1.0,95,16.104,0.97,
0.698682,12.70825,85.269722,245,,00 50 49.98,+85 16 11,18.325,16.432,15.728,15.418,15.145,96,,PKM,12.7078532,85.2699133,5337,12.7078532,85.269913,-5.84,-0.71,96,15.759,0.848,D
0.488409,11.3865,85.235278,246,,00 45 32.76,+85 14 07,,16.237,15.732,15.755,,92,ab,PKM,11.3851172,85.2352058,4669,11.3851172,85.235206,-5.58,-0.88,92,18.682,1.202,D
1.102381,12.688625,85.221667,247,2139,00 50 45.27,+85 13 18,17.671,16.279,15.747,15.482,15.438,97,,PKM,12.687888,85.221967,5415,12.687888,85.221967,-5.73,-0.66,97,16.028,0.798,
0.215367,11.776125,85.241944,248,1081,00 47 06.27,+85 14 31,17.771,16.305,15.754,15.577,15.597,98,,PKM,11.7754372,85.241926,5052,11.7754372,85.241926,-5.51,-0.74,98,15.926,0.737,
0.162069,11.876875,85.254167,249,1016,00 47 30.45,+85 15 15,18.054,16.37,15.761,15.546,15.399,90,,PKM,11.8764044,85.2541896,5015,11.8764044,85.25419,-5.97,-0.92,90,16.04,0.823,D
0.246385,11.681667,85.201667,250,1113,00 46 43.60,+85 12 06,17.939,16.36,15.794,15.596,15.695,98,,PKM,11.6808585,85.2016775,5110,11.6808585,85.201678,-5.62,-0.43,98,15.966,0.772,
0.667195,13.192417,85.203889,251,,00 52 46.18,+85 12 14,17.813,16.351,15.795,15.612,15.539,98,,PKM,13.1908882,85.2040232,5733,13.1908882,85.204023,-5.12,-0.18,98,15.985,0.765,
0.327705,12.330667,85.2,252,2155,00 49 19.36,+85 12 00,17.74,16.298,15.799,15.602,15.564,97,,PKM,12.3296026,85.2000188,5453,12.3296026,85.200019,-5.45,-0.86,97,16.018,0.726,D
0.896982,13.223917,85.283333,253,,00 52 53.74,+85 17 00,17.817,16.357,15.799,15.596,15.551,95,,PKM,13.2229744,85.2835698,5647,13.2229744,85.28357,-4.92,0.05,95,16.002,0.761,
0.964956,11.607292,85.185556,254,,00 46 25.75,+85 11 08,17.32,16.193,15.811,15.64,15.512,87,,PKM,11.6067601,85.1858203,4730,11.6067601,85.18582,-4.46,-0.39,87,15.996,0.541,D
0.526138,12.091958,85.297778,255,2098,00 48 22.07,+85 17 52,17.735,16.315,15.813,15.652,15.534,91,,PKM,12.0919116,85.2979241,4937,12.0919116,85.297924,-5.95,-0.89,91,15.976,0.711,
0.613258,11.903708,85.228333,256,1158,00 47 36.89,+85 13 42,,,15.814,15.7,,88,b,PKM,11.9019663,85.2284226,5072,11.9019663,85.228423,-5.93,-0.24,88,19.186,1.486,
0.061117,12.347917,85.2875,257,2104,00 49 23.50,+85 17 15,18.015,16.365,15.824,15.622,15.665,0,,PKM,12.3477917,85.2874865,5319,12.3477917,85.287486,-6.7,1.57,0,16.013,0.781,
0.310638,11.738375,85.188056,258,,00 46 57.21,+85 11 17,17.901,16.4,15.834,15.616,15.532,0,,PKM,11.737367,85.1880388,5128,11.737367,85.188039,-6.54,-2.48,0,16.101,0.741,D
0.899740,12.924458,85.209167,259,,00 51 41.87,+85 12 33,18.062,16.469,15.843,15.457,15.127,5,,PKM,12.9230052,85.2093855,5880,12.9230052,85.209385,-5.56,1.07,5,16.18,0.767,D
0.466321,12.292,85.1525,260,,00 49 10.08,+85 09 09,17.811,16.352,15.852,15.671,15.687,90,,PKM,12.2907852,85.152579,5497,12.2907852,85.152579,-5.12,0.34,90,16.005,0.718,
1.118727,12.769125,85.251389,261,,00 51 04.59,+85 15 05,17.748,16.341,15.855,15.64,15.689,0,,PKM,12.7683295,85.2516927,5362,12.7683295,85.251693,-3.77,2.71,0,16.004,0.725,
1.055184,12.779958,85.286944,262,,00 51 07.19,+85 17 13,,17.198,15.881,14.849,14.405,0,a,PKM,12.7796626,85.2872361,5318,12.7796626,85.287236,-3.32,13.15,0,16.653,1.552,
1.065350,13.007958,85.293889,263,,00 52 01.91,+85 17 38,17.818,16.384,15.888,15.733,15.746,90,,PKM,13.0074603,85.2941821,5639,13.0074603,85.294182,-4.66,0.01,90,16.038,0.738,
0.455543,12.474208,85.213889,264,2146,00 49 53.81,+85 12 50,17.657,16.368,15.891,15.709,15.697,56,,PKM,12.4731205,85.2139772,5431,12.4731205,85.213977,-4.75,-1.42,56,16.048,0.69,
0.354431,11.760625,85.228889,265,,00 47 02.55,+85 13 44,,,15.895,15.681,,49,b,PKM,11.7603421,85.2289846,5070,11.7603421,85.228985,-5.63,0.93,49,19.119,1.347,
0.232611,12.275792,85.201389,266,2154,00 49 06.19,+85 12 05,17.823,16.394,15.907,15.716,15.829,96,,PKM,12.275026,85.2013807,5449,12.275026,85.201381,-5.87,-0.54,96,16.032,0.71,
0.962164,11.29825,85.282222,267,,00 45 11.58,+85 16 56,17.962,16.427,15.911,15.722,15.589,98,,PKM,11.2983232,85.2824892,4596,11.2983232,85.282489,-5.21,-0.75,98,16.242,0.739,
0.853199,11.852417,85.295833,268,2085,00 47 24.58,+85 17 45,18.057,16.484,15.92,15.706,15.695,0,,PKM,11.8520715,85.2960683,4938,11.8520715,85.296068,2.37,5.91,0,16.13,0.79,
0.089432,11.618458,85.266111,269,1039,00 46 28.43,+85 15 58,17.888,16.426,15.922,15.756,15.881,97,,PKM,11.6182571,85.2661295,4614,11.6182571,85.26613,-5.54,-0.8,97,16.08,0.705,
0.469339,12.093833,85.217222,270,1095,00 48 22.52,+85 13 02,17.925,16.438,15.93,15.786,15.727,96,,PKM,12.0928822,85.2173255,5089,12.0928822,85.217326,-5.87,-0.51,96,16.054,0.729,
0.287005,12.734625,85.216111,271,2140,00 50 56.31,+85 12 58,17.861,16.446,15.931,15.777,15.749,98,,PKM,12.733685,85.2160965,5425,12.733685,85.216097,-5.44,-0.16,98,16.107,0.736,
0.301925,12.189708,85.269722,272,2110,00 48 45.53,+85 16 11,17.915,16.426,15.932,15.764,15.824,98,,PKM,12.1892966,85.2697987,4984,12.1892966,85.269799,-5.5,-0.75,98,16.074,0.716,
0.944289,11.737792,85.196944,273,2180,00 46 57.07,+85 11 49,17.907,16.444,15.934,15.767,15.713,98,,PKM,11.7369144,85.1971958,5115,11.7369144,85.197196,-5.43,-0.41,98,16.093,0.733,
0.370817,11.692375,85.276944,274,1035,00 46 46.17,+85 16 37,18.416,16.635,15.957,15.693,15.538,0,,PKM,11.6921234,85.2770449,4972,11.6921234,85.277045,-14.95,4.12,0,16.244,0.895,
0.420880,12.5765,85.268889,275,2112,00 50 18.36,+85 16 08,17.966,16.476,15.958,15.817,15.654,98,,PKM,12.5758294,85.268992,5340,12.5758294,85.268992,-5.56,-0.2,98,16.129,0.743,
0.277865,12.351458,85.214444,276,2149,00 49 24.35,+85 12 52,18.108,16.544,15.964,15.673,15.412,96,,PKM,12.3506857,85.2144865,5430,12.3506857,85.214487,-5.86,-0.35,96,16.278,0.763,
0.876380,10.992583,85.230556,277,,00 43 58.22,+85 13 50,17.997,16.479,15.971,15.833,15.744,95,,PKM,10.9922142,85.2307975,4336,10.9922142,85.230797,-5.32,-1.1,95,16.098,0.722,
1.083000,11.128542,85.212222,278,,00 44 30.85,+85 12 44,17.983,16.528,15.976,15.768,15.709,98,,PKM,11.1281135,85.2125207,4702,11.1281135,85.212521,-5.3,-0.76,98,16.166,0.739,
0.738079,12.139833,85.171667,279,,00 48 33.56,+85 10 18,17.931,16.499,15.981,15.792,15.742,98,,PKM,12.1388007,85.1718527,5144,12.1388007,85.171853,-5.24,-0.08,98,16.146,0.727,
0.117928,12.029083,85.246944,280,,00 48 06.98,+85 14 49,18.068,16.545,15.991,15.679,15.266,95,,PKM,12.0286937,85.2469383,5032,12.0286937,85.246938,-5.45,-1.04,95,16.31,0.764,
0.830960,11.474333,85.201389,281,2007,00 45 53.84,+85 12 05,18.036,16.529,15.998,15.809,15.78,98,,PKM,11.4739262,85.2016173,4719,11.4739262,85.201617,-5.38,-0.46,98,16.159,0.737,
0.233292,12.909917,85.265278,282,,00 51 38.38,+85 15 55,17.971,16.511,15.999,15.86,15.836,98,,PKM,12.909425,85.2653285,5665,12.909425,85.265328,-5.18,-0.45,98,16.146,0.732,
0.574455,11.943167,85.243889,283,,00 47 46.36,+85 14 38,18.199,16.573,15.999,15.794,15.64,0,,PKM,11.9426412,85.2440425,5043,11.9426412,85.244043,7.43,-0.64,0,16.169,0.785,
0.882275,12.355583,85.248056,284,2121,00 49 25.34,+85 14 53,18.174,16.579,16.012,15.858,15.809,96,,PKM,12.3550264,85.2482967,5370,12.3550264,85.248297,-5.82,-0.27,96,16.226,0.746,D
0.699963,13.165458,85.239167,285,,00 52 39.71,+85 14 21,17.954,16.536,16.012,15.842,15.732,97,,PKM,13.1643958,85.2393403,5693,13.1643958,85.23934,-4.9,-0.56,97,16.174,0.754,
0.705987,11.318333,85.283333,286,,00 45 16.40,+85 17 00,18.3,16.619,16.033,15.772,15.772,97,,PKM,11.3183538,85.2835291,4593,11.3183538,85.283529,-4.89,-0.72,97,16.481,0.838,
0.402053,12.775125,85.288611,287,,00 51 06.03,+85 17 19,,17.357,16.035,15.068,14.637,0,a,PKM,12.7740665,85.2886811,5316,12.7740665,85.288681,27.07,0.44,0,17.787,1.326,
0.186636,12.750917,85.326389,288,,00 51 00.22,+85 19 35,18.019,16.545,16.043,15.878,15.953,87,,PKM,12.7506538,85.3264362,5284,12.7506538,85.326436,-4.58,0.0,87,16.181,0.75,
0.519901,11.612917,85.214722,289,1109,00 46 27.10,+85 12 53,18.177,16.636,16.075,15.859,15.743,98,,PKM,11.6124559,85.2148612,4699,11.6124559,85.214861,-5.27,-0.56,98,16.268,0.754,
0.852431,12.561667,85.202222,290,2148,00 50 14.80,+85 12 08,18.429,16.727,16.082,15.86,15.794,98,,PKM,12.5608495,85.2024487,5444,12.5608495,85.202449,-5.45,-0.42,98,16.301,0.861,
0.269104,11.940083,85.204167,291,2183,00 47 45.62,+85 12 15,18.098,16.609,16.083,15.912,15.768,98,,PKM,11.9392017,85.2041544,5107,11.9392017,85.204154,-5.57,-0.3,98,16.254,0.751,
0.420755,11.134333,85.222222,292,,00 44 32.24,+85 13 20,18.011,16.644,16.097,15.873,15.863,0,,PKM,11.1340236,85.222336,4690,11.1340236,85.222336,-7.57,3.78,0,16.306,0.71,
0.343585,12.605375,85.234722,293,2131,00 50 25.29,+85 14 05,18.26,16.678,16.101,15.853,15.949,95,,PKM,12.6046962,85.234799,5396,12.6046962,85.234799,-5.51,0.14,95,16.336,0.777,D
0.408683,12.110333,85.176389,294,,00 48 26.48,+85 10 35,18.153,16.652,16.114,15.951,15.782,98,,PKM,12.1096143,85.1764851,5141,12.1096143,85.176485,-5.36,-0.27,98,16.284,0.743,
0.610135,11.859083,85.281944,295,1031,00 47 26.18,+85 16 55,18.165,16.646,16.119,15.956,15.878,98,,PKM,11.8586616,85.2821099,4963,11.8586616,85.28211,-5.52,-0.63,98,16.282,0.738,
0.258346,12.310542,85.253889,296,4279,00 49 14.53,+85 15 14,,16.865,16.134,15.858,15.906,96,,PKM,12.3104549,85.2539604,5358,12.3104549,85.25396,-5.7,-0.63,96,17.736,1.167,D
0.182601,12.181542,85.226667,297,1087,00 48 43.57,+85 13 36,18.434,16.758,16.138,15.932,15.788,95,,PKM,12.1809326,85.2266659,5074,12.1809326,85.226666,-5.93,-0.57,95,16.335,0.825,
0.163644,12.404958,85.256389,298,4498,00 49 37.19,+85 15 23,18.551,16.874,16.154,15.785,15.485,94,,PKM,12.4046491,85.2563514,5354,12.4046491,85.256351,-5.34,0.22,94,17.066,0.909,
0.438237,12.286542,85.223889,299,2144,00 49 08.77,+85 13 26,18.232,16.702,16.157,15.991,15.953,96,,PKM,12.2856796,85.2239873,5413,12.2856796,85.223987,-5.73,-0.81,96,16.334,0.765,
0.671718,11.800917,85.1775,300,,00 47 12.22,+85 10 39,18.209,16.703,16.164,15.972,15.882,98,,PKM,11.8000154,85.1776705,5139,11.8000154,85.177671,-5.31,-0.32,98,16.348,0.763,
0.293008,11.9785,85.206667,301,4637,00 47 54.84,+85 12 24,18.232,16.718,16.167,15.922,15.911,97,,PKM,11.9775899,85.206696,5103,11.9775899,85.206696,-5.81,-0.43,97,16.358,0.763,
0.205558,12.243958,85.266389,302,2109,00 48 58.55,+85 15 59,18.299,16.713,16.173,16.045,15.93,97,,PKM,12.2434727,85.2664297,5342,12.2434727,85.26643,-5.76,-0.68,97,16.33,0.76,
0.965528,11.058292,85.275833,303,,00 44 13.99,+85 16 33,,16.919,16.176,15.875,15.789,91,,PKM,11.0582785,85.2761012,4603,11.0582785,85.276101,-4.46,-0.75,91,17.753,1.14,
0.539369,12.327042,85.281111,304,4219,00 49 18.49,+85 16 52,17.9,16.681,16.201,16.006,15.91,0,,PKM,12.3266839,85.2812579,5323,12.3266839,85.281258,-3.17,0.02,0,16.412,0.603,
0.510631,11.535875,85.287778,305,1044,00 46 08.61,+85 17 16,18.305,16.751,16.213,16.072,16.059,98,,PKM,11.5359758,85.2879196,4587,11.5359758,85.28792,-5.2,-0.78,98,16.38,0.748,
0.209715,12.412583,85.251667,306,4703,00 49 39.02,+85 15 06,18.718,16.878,16.214,15.906,15.945,0,,PKM,12.411928,85.2516457,5364,12.411928,85.251646,-1.45,1.71,0,16.468,0.879,
1.046827,11.261958,85.162778,307,,00 45 02.87,+85 09 46,18.291,16.781,16.215,16.021,16.148,96,,PKM,11.2611806,85.1630613,4750,11.2611806,85.163061,-5.37,-1.04,96,16.41,0.752,
0.529331,11.536458,85.287778,308,1044,00 46 08.75,+85 17 16,18.23,16.786,16.217,16.069,16.054,98,,PKM,11.5359758,85.2879196,4587,11.5359758,85.28792,-5.2,-0.78,98,16.38,0.748,
0.889337,11.398292,85.289444,309,,00 45 35.59,+85 17 22,17.84,16.688,16.222,16.019,16.003,0,,PKM,11.3984493,85.2896907,4583,11.3984493,85.289691,-2.94,-2.4,0,16.668,0.676,
0.319086,11.994042,85.1575,310,,00 47 58.57,+85 09 27,18.344,16.782,16.231,16.025,15.853,96,,PKM,11.9929956,85.1574927,5158,11.9929956,85.157493,-4.87,-0.04,96,16.416,0.773,
0.286692,12.641625,85.269444,311,2113,00 50 33.99,+85 16 10,18.54,16.865,16.241,15.985,16.045,96,,PKM,12.6411759,85.2695145,5339,12.6411759,85.269514,-5.15,-1.01,96,16.445,0.836,
0.753104,11.667208,85.276111,312,4454,00 46 40.13,+85 16 34,17.973,16.702,16.243,16.011,15.916,0,,PKM,11.6669368,85.276319,4975,11.6669368,85.276319,-7.28,2.04,0,16.485,0.613,
0.196826,12.011583,85.220556,313,1094,00 48 02.78,+85 13 14,18.47,16.808,16.259,16.067,16.282,98,,PKM,12.0109395,85.2205667,5087,12.0109395,85.220567,-5.62,-0.52,98,16.391,0.774,
0.245237,11.325667,85.253611,314,,00 45 18.16,+85 15 13,18.454,16.826,16.261,16.083,16.181,98,,PKM,11.3254831,85.2536774,4634,11.3254831,85.253677,-5.17,-0.81,98,16.455,0.782,
0.227393,11.888833,85.273333,315,1305,00 47 33.32,+85 16 24,18.887,16.963,16.261,16.054,16.011,82,,PKM,11.8885184,85.2733906,4982,11.8885184,85.273391,-5.99,-1.2,82,16.693,0.928,
1.011384,12.569875,85.259722,316,4352,00 50 16.77,+85 15 35,,,16.264,16.148,,86,b,PKM,12.5709289,85.2599891,5348,12.5709289,85.259989,-5.5,0.18,86,18.704,1.22,D
1.143956,11.007875,85.2175,317,,00 44 01.89,+85 13 03,17.997,16.721,16.273,16.087,16.157,0,,PKM,11.0074108,85.2178154,4356,11.0074108,85.217815,-4.69,1.81,0,16.43,0.633,
0.607733,12.008417,85.323333,318,,00 48 02.02,+85 19 24,18.473,16.844,16.278,16.034,16.139,98,,PKM,12.0085434,85.3235015,4914,12.0085434,85.323502,-5.18,-0.71,98,16.488,0.791,D
0.201077,12.427875,85.243333,319,2128,00 49 42.69,+85 14 36,18.145,16.768,16.283,16.12,16.008,0,,PKM,12.4272901,85.2433607,5380,12.4272901,85.243361,-8.08,0.78,0,16.438,0.698,
0.238649,12.785917,85.278056,320,,00 51 08.62,+85 16 41,18.739,16.996,16.288,16.026,15.989,99,,PKM,12.7852301,85.2780906,5324,12.7852301,85.278091,-5.19,-0.28,99,16.669,0.956,
0.184873,12.365792,85.201667,321,2365,00 49 27.79,+85 12 06,,16.84,16.302,16.14,15.93,0,,PKM,12.3651781,85.2016666,5448,12.3651781,85.201667,-5.88,2.59,0,17.443,0.818,
1.788062,11.922875,85.294722,322,4538,00 47 41.49,+85 17 41,18.847,16.98,16.308,16.036,16.044,0,,PKM,11.926745,85.295104,4942,11.926745,85.295104,37.95,41.04,0,17.58,0.869,
0.313915,12.229625,85.170833,323,,00 48 55.11,+85 10 15,18.499,16.871,16.315,16.127,16.222,96,,PKM,12.2286405,85.1708059,5478,12.2286405,85.170806,-5.29,0.09,96,16.525,0.795,
0.191403,12.147083,85.254722,324,1008,00 48 35.30,+85 15 17,18.469,16.864,16.319,16.148,16.267,97,,PKM,12.1465024,85.2547448,5011,12.1465024,85.254745,-5.73,-0.5,97,16.477,0.765,
1.443022,13.126083,85.227222,325,,00 52 30.26,+85 13 38,18.665,17.023,16.32,16.016,15.794,0,,PKM,13.1250221,85.227613,5702,13.1250221,85.227613,-1.6,1.85,0,16.555,0.923,
0.225423,12.077292,85.2925,326,2099,00 48 18.55,+85 17 33,18.333,16.821,16.32,16.152,16.066,93,,PKM,12.0770737,85.29256,4945,12.0770737,85.29256,-6.02,-0.65,93,16.486,0.733,
1.382449,11.195875,85.209722,327,,00 44 47.01,+85 12 35,18.657,16.923,16.331,16.118,16.017,97,,PKM,11.1952813,85.2101028,4707,11.1952813,85.210103,-5.11,-0.85,97,16.538,0.803,
0.508374,11.486917,85.204167,328,4502,00 45 56.86,+85 12 15,,16.899,16.368,16.048,16.086,98,,PKM,11.486384,85.204301,4715,11.486384,85.204301,-5.2,-0.08,98,17.677,0.956,
1.330302,11.138,85.300556,329,,00 44 33.12,+85 18 02,18.52,16.94,16.37,16.193,15.925,91,,PKM,11.1381901,85.3009252,4569,11.1381901,85.300925,-4.44,-0.62,91,16.566,0.761,
0.690406,11.526958,85.275556,330,1046,00 46 06.47,+85 16 32,18.731,17.053,16.387,16.097,15.982,0,,PKM,11.526891,85.2757477,4604,11.526891,85.275748,-4.27,1.31,0,16.622,0.874,
1.039474,12.765542,85.2275,331,,00 51 03.73,+85 13 39,18.644,16.996,16.389,16.206,16.116,98,,PKM,12.7644878,85.2277751,5405,12.7644878,85.227775,-5.45,-0.15,98,16.665,0.821,
0.319401,12.590917,85.208889,332,2147,00 50 21.82,+85 12 32,18.297,16.908,16.396,16.242,16.261,0,,PKM,12.589856,85.2088847,5436,12.589856,85.208885,-0.04,1.97,0,16.553,0.729,
0.182691,12.027583,85.215556,333,1096,00 48 06.62,+85 12 56,18.767,17.042,16.42,16.192,16.148,98,,PKM,12.0269748,85.2155574,5094,12.0269748,85.215557,-5.64,-0.44,98,16.6,0.831,
0.775856,12.046292,85.17,334,,00 48 11.11,+85 10 12,18.592,16.992,16.42,16.208,16.328,98,,PKM,12.0453473,85.1702003,5148,12.0453473,85.1702,-5.2,-0.18,98,16.594,0.791,
1.335439,11.556833,85.302778,335,4532,00 46 13.64,+85 18 10,,17.271,16.427,16.135,15.748,0,,PKM,11.5524397,85.3026876,5972,11.5524397,85.302688,-8.97,-5.11,0,17.737,1.159,D
1.378504,11.556833,85.302778,335,4532,00 46 13.64,+85 18 10,,17.271,16.427,16.135,15.748,0,,PKM,11.5588895,85.3031219,5971,11.5588895,85.303122,-3.94,-0.04,40,17.283,0.928,D
0.977115,11.327083,85.31,336,,00 45 18.50,+85 18 36,18.747,17.111,16.439,16.183,16.309,97,,PKM,11.327182,85.3102713,5825,11.327182,85.310271,-4.93,-0.86,97,16.728,0.836,D
0.750579,12.769958,85.274167,337,,00 51 04.79,+85 16 27,,17.044,16.439,16.166,,0,b,PKM,12.7691953,85.2743658,5328,12.7691953,85.274366,-3.64,3.22,0,17.671,0.882,D
0.514708,12.963417,85.186389,338,,00 51 51.22,+85 11 11,,17.157,16.439,15.95,,0,ab,PKM,12.9618661,85.1864482,5750,12.9618661,85.186448,3.26,-0.96,0,17.979,0.893,
0.397269,12.107958,85.206389,339,4639,00 48 25.91,+85 12 23,,17.677,16.466,15.966,15.83,0,,PKM,12.107335,85.2064863,5104,12.107335,85.206486,-8.69,3.98,0,16.911,1.325,
0.637016,11.724625,85.304722,340,2087,00 46 53.91,+85 18 17,19.303,17.231,16.467,16.256,16.024,93,,PKM,11.7245104,85.3048987,4930,11.7245104,85.304899,-5.44,-1.15,93,16.754,0.961,
0.278484,12.894125,85.212222,341,,00 51 34.59,+85 12 44,18.967,17.188,16.472,16.187,16.107,98,,PKM,12.8931982,85.2122216,5725,12.8931982,85.212222,-5.61,-0.5,98,16.842,0.984,
0.623782,11.7655,85.180278,342,,00 47 03.72,+85 10 49,18.684,17.053,16.472,16.283,16.421,97,,PKM,11.7647939,85.1804408,5137,11.7647939,85.180441,-4.96,-0.22,97,16.66,0.797,
0.664683,12.22875,85.286667,343,2101,00 48 54.90,+85 17 12,18.77,17.104,16.486,16.333,16.153,91,,PKM,12.2285792,85.2868511,5839,12.2285792,85.286851,-5.69,-1.14,91,16.708,0.812,
0.277253,11.966917,85.318889,344,,00 47 52.06,+85 19 08,15.962,16.122,16.491,16.83,,90,b,PKM,11.967036,85.3189654,4918,11.967036,85.318965,-4.95,0.34,90,16.268,-0.165,
0.240634,12.436958,85.232778,345,2130,00 49 44.87,+85 13 58,18.712,17.071,16.506,16.364,16.22,88,,PKM,12.4361538,85.232777,5398,12.4361538,85.232777,-6.1,-0.12,88,16.686,0.81,
0.313632,11.579125,85.213056,346,1110,00 46 18.99,+85 12 47,19.008,17.143,16.51,16.251,16.424,0,,PKM,11.5785683,85.2131297,4701,11.5785683,85.21313,-1.37,2.91,0,16.878,0.816,
0.337563,12.105875,85.243056,347,1161,00 48 25.41,+85 14 35,,17.49,16.512,16.101,15.917,73,,PKM,12.1048473,85.2430169,5046,12.1048473,85.243017,-6.5,-0.84,73,17.632,1.205,D
0.862800,11.971667,85.196944,348,2182,00 47 53.20,+85 11 49,18.717,17.103,16.52,16.336,16.02,95,,PKM,11.9708187,85.1971729,5113,11.9708187,85.197173,-5.56,0.19,95,16.667,0.79,
0.857797,11.732167,85.263333,349,1022,00 46 55.72,+85 15 48,18.783,17.111,16.521,16.321,16.442,97,,PKM,11.7319663,85.2635707,4995,11.7319663,85.263571,-5.56,-0.86,97,16.681,0.792,
0.187400,12.430708,85.322222,350,,00 49 43.37,+85 19 20,18.431,17.057,16.524,16.272,16.386,0,,PKM,12.4305801,85.322273,5290,12.4305801,85.322273,18.56,-2.33,0,16.702,0.745,
0.598228,13.076917,85.308333,351,,00 52 18.46,+85 18 30,18.784,17.136,16.528,16.308,16.195,96,,PKM,13.076582,85.3084969,5624,13.076582,85.308497,-4.7,-0.18,96,16.746,0.851,
0.262291,11.776958,85.262778,352,1023,00 47 06.47,+85 15 46,18.913,17.115,16.532,16.316,16.315,91,,PKM,11.7764966,85.2628401,4996,11.7764966,85.26284,-5.62,-1.16,91,16.721,0.808,
0.428705,12.731042,85.211667,353,2142,00 50 55.45,+85 12 42,18.866,17.155,16.535,16.341,16.374,98,,PKM,12.7299568,85.2117443,5432,12.7299568,85.211744,-5.56,-0.12,98,16.723,0.841,
0.305360,11.628958,85.185278,354,,00 46 30.95,+85 11 07,,17.155,16.538,16.163,16.119,93,,PKM,11.6286821,85.1853596,5130,11.6286821,85.18536,-4.84,0.05,93,17.567,1.006,D
1.033846,12.769458,85.229722,355,2135,00 51 04.67,+85 13 47,18.79,17.141,16.541,16.271,16.175,96,,PKM,12.7686154,85.2300005,5402,12.7686154,85.230001,-5.76,-0.12,96,16.825,0.841,
0.527718,11.372292,85.253056,356,,00 45 29.35,+85 15 11,,17.691,16.547,15.952,15.664,0,,PKM,11.3718205,85.2531973,4635,11.3718205,85.253197,-15.23,-1.07,0,17.31,1.375,
0.181023,12.080042,85.196944,357,2355,00 48 19.21,+85 11 49,,17.32,16.553,16.226,16.234,90,,PKM,12.079479,85.1969265,5114,12.079479,85.196927,-5.66,0.2,90,17.658,1.005,D
0.425749,11.886458,85.244722,358,1083,00 47 32.75,+85 14 41,19.006,17.223,16.569,16.378,16.257,97,,PKM,11.8860828,85.2448361,5039,11.8860828,85.244836,-5.71,-0.72,97,16.752,0.85,
0.334959,12.71025,85.217778,359,2141,00 50 50.46,+85 13 04,18.851,17.175,16.573,16.352,16.314,97,,PKM,12.7093005,85.2178269,5422,12.7093005,85.217827,-5.48,0.03,97,16.773,0.837,
0.365757,11.377417,85.161111,360,,00 45 30.58,+85 09 40,,17.31,16.574,16.268,16.416,0,,PKM,11.376619,85.1611871,4752,11.376619,85.161187,-9.1,4.75,0,17.087,0.938,
0.700148,12.167458,85.248611,361,1007,00 48 40.19,+85 14 55,18.664,17.137,16.575,16.36,16.414,0,,PKM,12.1669851,85.2488015,5030,12.1669851,85.248801,-5.11,3.47,0,16.728,0.786,
0.405398,12.544042,85.226111,362,2143,00 50 10.57,+85 13 34,,17.341,16.585,16.323,16.206,95,,PKM,12.5431095,85.2261926,5409,12.5431095,85.226193,-5.9,-0.18,95,16.846,0.97,
1.132323,12.839667,85.156111,363,,00 51 21.52,+85 09 22,18.964,17.198,16.592,16.387,16.143,98,,PKM,12.8380911,85.156396,5781,12.8380911,85.156396,-4.98,-0.41,98,16.788,0.841,
0.379144,12.1885,85.236389,364,1119,00 48 45.24,+85 14 11,,17.449,16.598,16.239,16.049,93,,PKM,12.1877382,85.2364732,5057,12.1877382,85.236473,-5.97,-0.77,93,17.015,0.988,
0.766841,12.184,85.310278,365,2094,00 48 44.16,+85 18 37,18.789,17.259,16.606,16.403,16.159,2,,PKM,12.1837728,85.3104902,4927,12.1837728,85.31049,-3.86,0.34,2,16.856,0.849,
0.247886,12.041458,85.321667,366,,00 48 09.95,+85 19 18,18.897,17.231,16.608,16.323,16.485,0,,PKM,12.0416248,85.3217345,4916,12.0416248,85.321735,3.69,1.07,0,16.824,0.826,
0.379026,12.284042,85.185833,367,,00 49 08.17,+85 11 09,18.77,17.2,16.611,16.401,16.249,0,,PKM,12.2828205,85.185857,5466,12.2828205,85.185857,0.48,1.83,0,16.805,0.808,
0.072274,11.830083,85.243611,368,4445,00 47 19.22,+85 14 37,18.992,17.238,16.64,16.493,16.532,98,,PKM,11.8298648,85.2436197,5045,11.8298648,85.24362,-5.65,-0.58,98,16.789,0.817,
0.259436,12.81975,85.306389,369,,00 51 16.74,+85 18 23,19.274,17.382,16.649,16.429,16.294,94,,PKM,12.8192064,85.3064457,5300,12.8192064,85.306446,-4.64,-0.17,94,16.918,0.935,
0.173610,12.342292,85.326389,370,,00 49 22.15,+85 19 35,18.949,17.292,16.659,16.501,16.199,97,,PKM,12.342183,85.3263416,5285,12.342183,85.326342,-4.94,-0.93,97,16.868,0.852,
0.610000,11.215542,85.299167,371,,00 44 51.73,+85 17 57,19.113,17.327,16.673,16.48,16.462,0,,PKM,11.2154947,85.2993364,4573,11.2154947,85.299336,3.67,2.28,0,16.906,0.845,
0.873492,11.047625,85.241667,372,,00 44 11.43,+85 14 30,18.615,17.197,16.684,16.527,16.346,0,,PKM,11.0473184,85.2419083,4653,11.0473184,85.241908,0.28,-0.79,0,16.818,0.715,
0.456652,12.208917,85.204167,373,2359,00 48 50.14,+85 12 15,,17.168,16.696,16.348,,73,b,PKM,12.208104,85.2042741,5442,12.208104,85.204274,-6.49,-0.1,73,18.046,1.093,
0.109060,12.293458,85.2825,374,4539,00 49 10.43,+85 16 57,19.214,17.385,16.719,16.428,16.428,98,,PKM,12.2930977,85.2825063,5322,12.2930977,85.282506,-5.59,-0.75,98,16.989,0.88,
0.544114,11.3605,85.16,375,,00 45 26.52,+85 09 36,,17.468,16.725,16.413,16.41,98,,PKM,11.3597855,85.1601386,4754,11.3597855,85.160139,-5.29,-0.3,98,17.494,0.967,
1.082290,12.863083,85.328889,376,,00 51 27.14,+85 19 44,18.72,17.276,16.728,16.512,16.4,0,,PKM,12.8628842,85.3291892,5610,12.8628842,85.329189,-0.13,1.14,0,16.89,0.783,
0.267468,11.479583,85.250833,377,1058,00 45 55.10,+85 15 03,18.416,17.209,16.743,16.591,16.434,0,,PKM,11.479269,85.2509026,4638,11.479269,85.250903,-6.46,11.98,0,16.833,0.657,
0.569171,12.420917,85.161944,378,,00 49 41.02,+85 09 43,18.284,17.408,16.744,16.605,16.484,96,,PKM,12.4199127,85.1620775,5491,12.4199127,85.162077,-5.15,0.22,96,16.992,0.864,
0.249331,11.569042,85.248611,379,1118,00 46 16.57,+85 14 55,,17.584,16.745,16.475,16.718,93,,PKM,11.5688212,85.2486778,4641,11.5688212,85.248678,-5.77,-1.02,93,17.024,1.003,
0.862497,11.569958,85.291389,380,4593,00 46 16.79,+85 17 29,19.368,17.422,16.769,16.562,16.583,97,,PKM,11.5700719,85.2916284,4582,11.5700719,85.291628,-5.24,-1.06,97,16.946,0.849,
0.339658,12.392958,85.191111,381,,00 49 34.31,+85 11 28,18.28,17.332,16.782,16.461,16.03,95,,PKM,12.3919593,85.1911545,5461,12.3919593,85.191154,-5.85,0.07,95,17.237,0.923,
0.461022,11.598042,85.2125,382,1168,00 46 23.53,+85 12 45,,17.467,16.787,16.488,16.586,98,,PKM,11.5973453,85.2126141,5827,11.5973453,85.212614,-5.27,-0.32,98,17.825,1.005,
0.214938,11.704875,85.1925,383,,00 46 49.17,+85 11 33,19.258,17.418,16.789,16.541,16.449,93,,PKM,11.7042025,85.1924803,5123,11.7042025,85.19248,-5.15,0.24,93,16.95,0.871,
0.906667,12.780833,85.206667,384,,00 51 07.40,+85 12 24,18.435,17.219,16.792,16.622,16.691,0,,PKM,12.7800024,85.2069091,5851,12.7800024,85.206909,-0.86,1.16,0,16.917,0.645,D
0.786893,11.155,85.163611,385,,00 44 37.20,+85 09 49,19.253,17.438,16.794,16.528,16.52,98,,PKM,11.1543275,85.1638221,4748,11.1543275,85.163822,-5.31,-0.67,98,16.999,0.857,
0.554212,12.196458,85.234444,386,4263,00 48 47.15,+85 14 04,,17.904,16.804,16.202,15.928,0,,PKM,12.1960971,85.234595,5059,12.1960971,85.234595,-13.57,6.18,0,17.609,1.427,
0.409086,11.424375,85.259722,387,,00 45 41.85,+85 15 35,19.459,17.519,16.807,16.655,16.956,96,,PKM,11.4240645,85.2598327,4624,11.4240645,85.259833,-5.56,-0.97,96,16.997,0.872,
1.005725,11.674833,85.303611,388,4630,00 46 41.96,+85 18 13,19.04,17.463,16.812,16.585,16.573,98,,PKM,11.6749083,85.3038903,4931,11.6749083,85.30389,-5.41,-0.84,98,17.042,0.864,
0.474799,12.699625,85.175556,389,,00 50 47.91,+85 10 32,,17.751,16.821,16.474,16.567,0,,PKM,12.6983828,85.1756365,5474,12.6983828,85.175636,4.9,1.5,0,17.187,1.067,
0.851504,11.606583,85.1925,390,,00 46 25.58,+85 11 33,,17.536,16.83,16.544,16.519,98,,PKM,11.6059603,85.1927307,4728,11.6059603,85.192731,-5.17,-0.06,98,17.058,0.91,
0.763109,12.661833,85.168889,391,,00 50 38.84,+85 10 08,,17.604,16.832,16.497,16.39,0,,PKM,12.6604249,85.1690647,5480,12.6604249,85.169065,-2.07,-1.61,0,17.108,0.971,
0.625809,11.767875,85.250278,392,1124,00 47 04.29,+85 15 01,,17.62,16.839,16.528,16.128,93,,PKM,11.7673883,85.2504471,5024,11.7673883,85.250447,-5.71,-1.04,93,17.071,0.957,
0.417659,12.160792,85.168611,393,,00 48 38.59,+85 10 07,,17.567,16.854,16.539,16.261,83,,PKM,12.159983,85.1687049,5150,12.159983,85.168705,-4.81,0.45,83,17.185,0.891,
0.346944,12.656208,85.203889,394,2379,00 50 37.49,+85 12 14,19.165,17.526,16.873,16.628,16.789,97,,PKM,12.6553548,85.2039538,5441,12.6553548,85.203954,-5.74,-0.03,97,17.046,0.894,
0.594037,11.907333,85.269444,395,1121,00 47 37.76,+85 16 10,,17.572,16.877,16.731,16.516,95,,PKM,11.9070066,85.2696068,4985,11.9070066,85.269607,-5.89,-0.66,95,17.073,0.885,
0.748663,11.854333,85.155833,396,,00 47 25.04,+85 09 21,,17.618,16.879,16.628,16.365,0,,PKM,11.8535405,85.1560299,5161,11.8535405,85.15603,-10.16,4.78,0,17.137,0.931,
0.470609,11.814417,85.1575,397,,00 47 15.46,+85 09 27,20.0,17.994,16.901,16.451,16.163,0,,PKM,11.8136741,85.1576147,5159,11.8136741,85.157615,-8.46,-11.52,0,17.362,1.227,
0.813810,11.706208,85.233056,398,1135,00 46 49.49,+85 13 59,19.521,17.56,16.913,16.714,16.677,98,,PKM,11.7055575,85.2332755,5062,11.7055575,85.233276,-5.51,-0.51,98,17.08,0.877,
0.386245,12.536875,85.236111,399,4740,00 50 08.85,+85 14 10,,18.442,16.916,15.413,14.757,0,a,PKM,12.5355832,85.2361122,5392,12.5355832,85.236112,31.69,24.24,0,17.53,1.706,D
0.466034,12.795417,85.255278,400,,00 51 10.90,+85 15 19,,17.634,16.931,16.805,16.665,96,,PKM,12.7947371,85.2553946,5355,12.7947371,85.255395,-5.39,0.12,96,17.148,0.923,
0.279591,11.782833,85.283333,401,1145,00 47 07.88,+85 17 00,20.472,17.729,16.939,16.753,16.776,97,,PKM,11.7827716,85.2834105,4960,11.7827716,85.283411,-5.63,-0.9,97,17.064,0.919,
0.413093,12.200875,85.1525,402,,00 48 48.21,+85 09 09,,17.58,16.942,16.717,16.735,62,,PKM,12.1997726,85.152567,5498,12.1997726,85.152567,-5.16,0.78,62,17.136,0.87,
1.209633,13.1505,85.277778,403,,00 52 36.12,+85 16 40,19.161,17.677,16.966,16.632,,0,b,PKM,13.1499733,85.2781112,5651,13.1499733,85.278111,-2.13,0.04,0,17.347,0.791,D
0.177291,11.399958,85.199722,404,,00 45 35.99,+85 11 59,,17.692,16.972,16.69,16.918,98,,PKM,11.3994841,85.1997512,4720,11.3994841,85.199751,-5.54,-0.57,98,17.167,0.924,
0.392434,12.357792,85.229167,405,4245,00 49 25.87,+85 13 45,,17.694,16.975,16.712,16.479,98,,PKM,12.3571733,85.2292631,5403,12.3571733,85.229263,-5.76,-0.36,98,17.211,0.916,
0.600852,12.383292,85.239167,406,4315,00 49 31.99,+85 14 21,,17.728,16.985,16.757,16.819,97,,PKM,12.382494,85.2393202,5386,12.382494,85.23932,-5.79,-0.27,97,17.17,0.914,
0.834250,11.73325,85.267778,407,1120,00 46 55.98,+85 16 04,19.839,17.667,16.987,16.853,16.934,97,,PKM,11.7327822,85.2680065,4987,11.7327822,85.268006,-5.45,-0.86,97,17.094,0.871,
0.139130,11.933708,85.235556,408,4431,00 47 44.09,+85 14 08,18.583,17.397,16.987,16.851,17.47,26,,PKM,11.9333323,85.2355788,5058,11.9333323,85.235579,-6.11,0.62,26,17.076,0.582,
0.438421,13.151292,85.278056,409,,00 52 36.31,+85 16 41,,17.627,16.99,16.634,,0,b,PKM,13.1499733,85.2781112,5651,13.1499733,85.278111,-2.13,0.04,0,17.347,0.791,D
1.056549,12.890417,85.187222,410,,00 51 33.70,+85 11 14,18.944,17.538,17.004,16.781,16.602,0,,PKM,12.8892442,85.1874985,5749,12.8892442,85.187499,-3.24,4.78,0,17.115,0.753,
0.321447,12.505042,85.214167,411,4322,00 50 01.21,+85 12 51,,17.698,17.008,16.706,16.448,94,,PKM,12.5042957,85.214231,5429,12.5042957,85.214231,-6.07,-0.25,94,17.289,0.931,
0.427504,11.530042,85.311944,412,,00 46 07.21,+85 18 43,18.323,17.384,17.014,16.99,17.452,0,,PKM,11.5303173,85.3120606,4551,11.5303173,85.312061,-5.69,3.82,0,17.098,0.545,
0.329215,12.379167,85.17,413,,00 49 31.00,+85 10 12,,17.726,17.055,16.804,16.866,94,,PKM,12.3780983,85.1699837,5479,12.3780983,85.169984,-5.41,0.3,94,17.254,0.915,
0.516886,12.55875,85.221667,414,2381,00 50 14.10,+85 13 18,,17.801,17.085,16.75,17.089,95,,PKM,12.557673,85.2217791,5416,12.557673,85.221779,-5.98,-0.09,95,17.329,0.944,
0.191883,11.477125,85.245833,415,1117,00 45 54.51,+85 14 45,,17.885,17.086,16.809,16.822,98,,PKM,11.4766116,85.2458651,4644,11.4766116,85.245865,-5.16,-0.77,98,17.357,0.972,
0.919560,11.274292,85.301667,416,,00 45 05.83,+85 18 06,,18.02,17.097,16.802,16.777,0,,PKM,11.2741587,85.3019222,4568,11.2741587,85.301922,-0.82,-0.45,0,17.46,1.1,
1.110521,13.208125,85.221944,417,,00 52 49.95,+85 13 19,,17.89,17.097,16.724,,0,b,PKM,13.2062033,85.2222077,5707,13.2062033,85.222208,-9.98,0.03,0,18.253,1.283,D
0.985055,12.686208,85.193889,418,,00 50 44.69,+85 11 38,,17.96,17.14,16.71,16.709,94,,PKM,12.6853944,85.194154,5459,12.6853944,85.194154,-5.31,0.32,94,17.518,0.998,
0.779395,12.058875,85.318333,419,,00 48 14.13,+85 19 06,,17.85,17.144,16.833,17.023,97,,PKM,12.0589551,85.3185494,4919,12.0589551,85.318549,-5.21,-0.99,97,17.345,0.936,
0.199679,11.502667,85.195278,420,4422,00 46 00.64,+85 11 43,,17.846,17.145,16.92,16.629,97,,PKM,11.5020275,85.1952924,4725,11.5020275,85.195292,-5.31,0.0,97,17.363,0.933,
0.170659,11.892458,85.261111,421,1138,00 47 34.19,+85 15 40,,17.877,17.157,17.028,17.073,93,,PKM,11.8918903,85.2611041,5001,11.8918903,85.261104,-6.13,-0.57,93,17.313,0.896,
0.723984,13.015625,85.229722,422,,00 52 03.75,+85 13 47,,17.819,17.161,16.938,17.413,0,,PKM,13.0144166,85.2298962,5698,13.0144166,85.229896,0.35,1.35,0,17.404,0.863,
1.215721,12.992625,85.1575,423,,00 51 58.23,+85 09 27,,17.937,17.175,16.918,16.565,95,,PKM,12.9912267,85.1578164,5777,12.9912267,85.157816,-4.98,-0.09,95,17.459,0.962,
0.560672,12.884292,85.216389,424,,00 51 32.23,+85 12 59,19.924,18.098,17.182,16.859,16.7,96,,PKM,12.8835662,85.2165325,5718,12.8835662,85.216532,-5.24,-0.21,96,17.602,1.109,D
0.788750,11.800583,85.16,425,,00 47 12.14,+85 09 36,18.977,17.689,17.186,16.978,16.926,0,,PKM,11.799651,85.1602045,5157,11.799651,85.160205,-3.29,2.0,0,17.341,0.705,
0.716950,11.7815,85.246944,426,1137,00 47 07.56,+85 14 49,,17.898,17.19,16.869,16.682,96,,PKM,11.7810356,85.2471394,5034,11.7810356,85.247139,-5.89,-0.52,96,17.473,0.954,
0.982775,11.367458,85.284444,427,,00 45 28.19,+85 17 04,,,17.207,16.92,16.956,90,b,PKM,11.3668782,85.2847128,4592,11.3668782,85.284713,-4.92,-1.09,90,17.983,1.185,
0.335463,11.450792,85.161944,428,,00 45 48.19,+85 09 43,,17.973,17.218,16.955,17.466,97,,PKM,11.4499152,85.1620007,4751,11.4499152,85.162001,-5.18,0.09,97,17.45,0.955,
0.198935,11.624625,85.178611,429,,00 46 29.91,+85 10 43,,18.216,17.221,16.86,16.858,97,,PKM,11.6239827,85.1786228,5138,11.6239827,85.178623,-4.91,-0.34,97,17.498,1.113,
0.507764,11.810417,85.303611,430,4387,00 47 14.50,+85 18 13,,18.066,17.244,16.876,16.746,84,,PKM,11.8105538,85.3037516,4932,11.8105538,85.303752,-5.7,-1.43,84,17.55,1.008,
0.650514,12.492875,85.188611,431,,00 49 58.29,+85 11 19,,18.163,17.258,16.804,,93,b,PKM,12.4916579,85.1887601,5465,12.4916579,85.18876,-5.87,-0.26,93,18.131,1.107,
0.148966,12.560125,85.274167,432,4671,00 50 14.43,+85 16 27,,18.04,17.261,16.98,17.347,97,,PKM,12.5596944,85.2741457,5330,12.5596944,85.274146,-5.67,-0.37,97,17.527,0.97,
0.761961,12.168458,85.176944,433,,00 48 40.43,+85 10 37,,17.98,17.27,17.005,17.087,0,,PKM,12.167695,85.1771457,5140,12.167695,85.177146,-2.71,1.95,0,17.467,0.871,
0.403900,11.872208,85.311944,434,,00 47 29.33,+85 18 43,,18.33,17.311,16.982,16.615,95,,PKM,11.8723605,85.3120555,4925,11.8723605,85.312055,-5.45,-1.14,95,17.707,1.152,
1.188334,11.204333,85.167778,435,,00 44 49.04,+85 10 04,,18.074,17.314,17.096,17.085,98,,PKM,11.2033761,85.1680981,4742,11.2033761,85.168098,-5.08,-0.21,98,17.476,0.939,
0.256105,12.139917,85.249444,436,1122,00 48 33.58,+85 14 58,,18.069,17.315,17.154,17.452,95,,PKM,12.1393347,85.2493917,5026,12.1393347,85.249392,-5.91,-0.2,95,17.489,0.95,
0.239923,11.683833,85.286389,437,1142,00 46 44.12,+85 17 11,,18.066,17.318,16.943,,91,b,PKM,11.6836539,85.286454,4954,11.6836539,85.286454,-5.22,-1.1,91,17.927,1.042,
0.653123,11.915875,85.316667,438,,00 47 39.81,+85 19 00,,18.146,17.325,17.101,16.674,96,,PKM,11.9159568,85.3168483,4922,11.9159568,85.316848,-5.69,-1.0,96,17.626,0.989,
0.382854,11.103167,85.226944,439,,00 44 24.76,+85 13 37,,18.335,17.332,17.091,17.215,98,,PKM,11.1026971,85.2270429,4686,11.1026971,85.227043,-5.14,-0.67,98,17.804,1.01,D
0.710782,12.219667,85.261944,440,4198,00 48 52.72,+85 15 43,18.694,18.101,17.336,17.117,17.14,91,,PKM,12.2194468,85.2621406,5840,12.2194468,85.262141,-6.18,-0.6,91,17.506,0.965,
0.967680,11.366875,85.284444,441,,00 45 28.05,+85 17 04,,18.112,17.34,16.811,16.719,90,a,PKM,11.3668782,85.2847128,4592,11.3668782,85.284713,-4.92,-1.09,90,17.983,1.185,
1.503871,12.954458,85.2775,442,,00 51 49.07,+85 16 39,,18.031,17.343,16.969,,84,b,PKM,12.9526397,85.27789,5652,12.9526397,85.27789,-5.48,0.39,84,18.472,1.207,D
1.869496,12.954458,85.2775,442,,00 51 49.07,+85 16 39,,18.031,17.343,16.969,,84,b,PKM,12.9584627,85.2770988,5655,12.9584627,85.277099,-4.27,1.05,20,18.131,0.662,D
1.034610,12.683792,85.2525,443,4581,00 50 44.11,+85 15 09,,18.4,17.343,16.962,16.58,98,,PKM,12.6832298,85.2527836,5359,12.6832298,85.252784,-5.53,-0.26,98,17.69,1.165,
0.871764,11.80875,85.273889,444,1141,00 47 14.10,+85 16 26,,18.37,17.355,16.95,16.717,91,,PKM,11.8084281,85.2741297,4980,11.8084281,85.27413,-5.88,-1.21,91,17.754,1.134,
1.329184,13.134125,85.276667,445,,00 52 32.19,+85 16 36,,,17.364,16.715,16.692,0,b,PKM,13.1334257,85.2770317,5653,13.1334257,85.277032,-4.83,-6.78,0,18.579,1.597,D
0.379057,11.272958,85.326944,446,,00 45 05.51,+85 19 37,,18.028,17.365,17.134,16.568,0,,PKM,11.2733589,85.3270441,4539,11.2733589,85.327044,-14.83,1.76,0,17.522,0.859,
0.142821,11.724625,85.278889,447,1146,00 46 53.91,+85 16 44,,18.137,17.369,17.089,17.037,96,,PKM,11.724311,85.2789191,4967,11.724311,85.278919,-5.83,-0.91,96,17.633,0.983,
0.746712,11.060125,85.228889,448,,00 44 14.43,+85 13 44,,18.376,17.39,17.032,16.622,98,,PKM,11.0596364,85.2290924,4680,11.0596364,85.229092,-5.35,-0.7,98,17.702,1.081,
0.395310,12.045833,85.284167,449,4544,00 48 11.00,+85 17 03,,18.165,17.391,17.064,17.122,97,,PKM,12.0458166,85.2842768,4958,12.0458166,85.284277,-5.81,-0.78,97,17.659,0.978,
0.422796,12.475042,85.189444,450,,00 49 54.01,+85 11 22,,18.371,17.392,16.94,,90,b,PKM,12.4739908,85.1895216,5464,12.4739908,85.189522,-5.77,0.14,90,18.169,1.139,
1.254110,11.180167,85.277778,451,,00 44 43.24,+85 16 40,,18.238,17.408,17.111,16.972,96,,PKM,11.1803317,85.2781261,4601,11.1803317,85.278126,-5.03,-0.84,96,17.755,1.016,
0.473662,12.699917,85.190278,452,,00 50 47.98,+85 11 25,18.931,17.803,17.411,17.235,,21,,PKM,12.6987398,85.190365,5462,12.6987398,85.190365,-3.68,-0.39,21,17.515,0.613,
0.672649,11.637833,85.231667,453,1134,00 46 33.08,+85 13 54,,18.245,17.412,17.198,,97,,PKM,11.637607,85.2318529,5064,11.637607,85.231853,-5.88,-0.34,97,17.652,0.98,
0.282415,12.243167,85.242778,454,1165,00 48 58.36,+85 14 34,,18.309,17.436,17.277,17.043,97,,PKM,12.2424545,85.2428296,5382,12.2424545,85.24283,-5.78,-0.27,97,17.648,1.005,
0.720715,11.510417,85.259722,455,4585,00 46 02.50,+85 15 35,19.854,18.193,17.439,17.108,16.891,97,,PKM,11.5100431,85.2599198,4623,11.5100431,85.25992,-5.13,-0.66,97,17.965,1.058,
0.865412,11.98,85.301111,456,,00 47 55.20,+85 18 04,,,17.445,16.902,,0,,PKM,11.9801877,85.3013509,4935,11.9801877,85.301351,-3.54,-1.13,,18.768,1.623,G
0.446105,11.329083,85.241111,457,,00 45 18.98,+85 14 28,,18.331,17.456,17.101,17.628,97,,PKM,11.3288424,85.2412333,4655,11.3288424,85.241233,-5.74,-0.85,97,17.707,1.03,
0.860054,11.703458,85.316111,458,,00 46 48.83,+85 18 58,,18.286,17.457,17.163,17.516,95,,PKM,11.7033717,85.3163498,4924,11.7033717,85.31635,-5.43,-1.17,95,17.735,1.004,
0.842199,11.536708,85.315278,459,,00 46 08.81,+85 18 55,18.776,17.848,17.484,17.44,,0,,PKM,11.5368633,85.3155116,4547,11.5368633,85.315512,10.53,6.54,0,17.569,0.56,
0.888454,11.181667,85.175556,460,,00 44 43.60,+85 10 32,,18.304,17.488,17.188,17.626,98,,PKM,11.1809734,85.1757958,4735,11.1809734,85.175796,-5.31,-0.08,98,17.801,1.012,
0.487644,11.017917,85.257222,461,,00 44 04.30,+85 15 26,,18.323,17.492,17.19,,95,,PKM,11.0176192,85.2573552,4312,11.0176192,85.257355,-4.93,-0.82,95,17.923,1.047,
0.595435,13.14025,85.265,462,,00 52 33.66,+85 15 54,,18.033,17.5,17.343,,0,,PKM,13.1388997,85.2651222,5663,13.1388997,85.265122,-1.25,-1.72,0,17.611,0.677,
0.173837,12.212375,85.244722,463,4220,00 48 50.97,+85 14 41,,18.617,17.503,17.101,16.876,84,,PKM,12.2119737,85.244757,5037,12.2119737,85.244757,-6.29,-0.89,84,17.994,1.191,D
0.790808,12.796417,85.321389,464,,00 51 11.14,+85 19 17,,18.24,17.503,17.305,,0,,PKM,12.7961168,85.3216073,5289,12.7961168,85.321607,-1.08,3.49,0,17.73,0.979,
0.311761,12.313833,85.239167,465,4313,00 49 15.32,+85 14 21,,18.349,17.503,17.324,17.231,87,,PKM,12.3130412,85.2392234,5387,12.3130412,85.239223,-6.16,0.08,87,17.786,1.03,
0.561316,11.648917,85.288333,466,1143,00 46 35.74,+85 17 18,,18.52,17.522,17.188,17.177,94,,PKM,11.6486525,85.2884874,4953,11.6486525,85.288487,-5.44,-1.24,94,17.786,1.131,
0.229451,12.784625,85.270556,467,,00 51 08.31,+85 16 14,,,17.532,17.319,,0,b,PKM,12.7843746,85.2706163,5336,12.7843746,85.270616,-2.84,-0.48,,18.597,1.306,G
0.948527,13.036875,85.318056,468,,00 52 08.85,+85 19 05,,18.43,17.536,17.184,,59,,PKM,13.0362142,85.3183139,5619,13.0362142,85.318314,-4.26,0.4,59,17.881,1.057,
0.489883,13.139625,85.265,469,,00 52 33.51,+85 15 54,19.246,17.992,17.544,17.317,,0,,PKM,13.1388997,85.2651222,5663,13.1388997,85.265122,-1.25,-1.72,0,17.611,0.677,
1.184534,11.182,85.155,470,,00 44 43.68,+85 09 18,20.077,18.425,17.545,17.198,,97,,PKM,11.1810932,85.15532,4761,11.1810932,85.15532,-5.45,-0.15,97,17.859,1.016,
1.042634,11.166417,85.3075,471,,00 44 39.94,+85 18 27,,18.447,17.548,17.055,,9,,PKM,11.1666077,85.3077892,4556,11.1666077,85.307789,-3.41,0.3,9,18.254,1.098,
0.820075,11.010125,85.259167,472,,00 44 02.43,+85 15 33,,18.144,17.554,17.392,,49,,PKM,11.009702,85.2593921,4308,11.009702,85.259392,-5.13,0.96,49,17.883,0.713,
0.800975,13.021875,85.184167,473,,00 52 05.25,+85 11 03,,18.412,17.56,17.241,,0,,PKM,13.0207065,85.1843667,5756,13.0207065,85.184367,-3.94,3.6,0,17.855,1.015,
0.986478,12.771625,85.168056,474,,00 51 05.19,+85 10 05,,18.427,17.561,17.317,,91,,PKM,12.7703584,85.1683084,5765,12.7703584,85.168308,-5.03,-0.11,91,17.839,1.024,
1.189173,13.023792,85.2425,475,,00 52 05.71,+85 14 33,,18.516,17.592,17.348,,96,,PKM,13.0229749,85.2428233,5688,13.0229749,85.242823,-5.66,-0.12,96,17.949,1.071,
0.959305,11.321708,85.318333,476,,00 45 17.21,+85 19 06,,18.422,17.593,17.222,,78,c,PKM,11.3219566,85.3185987,4545,11.3219566,85.318599,-4.84,-1.49,78,17.984,1.062,
0.605865,12.114042,85.167222,477,,00 48 27.37,+85 10 02,,18.491,17.598,17.325,16.88,88,,PKM,12.1131551,85.1673728,5152,12.1131551,85.167373,-5.06,0.47,88,17.778,1.021,
0.890301,12.320792,85.266111,478,4464,00 49 16.99,+85 15 58,,18.547,17.6,17.359,,97,,PKM,12.3200788,85.2663512,5343,12.3200788,85.266351,-5.6,-0.18,97,17.907,1.047,
0.963709,12.952625,85.223056,479,,00 51 48.63,+85 13 23,,18.535,17.653,17.469,,92,,PKM,12.9515505,85.2233083,5706,12.9515505,85.223308,-5.25,0.2,92,17.919,1.064,
0.164671,12.515208,85.318611,480,,00 50 03.65,+85 19 07,,,17.666,16.867,,79,,PKM,12.5157565,85.3186204,5295,12.5157565,85.31862,-5.54,-1.44,79,19.13,1.499,
0.856493,11.725625,85.291944,481,1144,00 46 54.15,+85 17 31,,18.753,17.68,17.257,,94,,PKM,11.7255927,85.2921819,4948,11.7255927,85.292182,-5.59,-0.9,94,18.058,1.175,
0.146375,11.887375,85.298889,482,4328,00 47 32.97,+85 17 56,,18.748,17.682,17.399,16.896,90,,PKM,11.887286,85.298929,4936,11.887286,85.298929,-5.96,-1.12,90,18.024,1.196,
0.392381,12.7425,85.166667,483,,00 50 58.20,+85 10 00,,18.636,17.694,17.237,16.768,0,,PKM,12.7413386,85.166715,5484,12.7413386,85.166715,-8.4,-2.41,0,18.02,1.136,
0.335050,12.340292,85.274722,484,4432,00 49 21.67,+85 16 29,,18.583,17.699,17.455,,97,,PKM,12.3397714,85.2748046,5329,12.3397714,85.274805,-5.77,-0.38,97,17.789,1.023,
0.830062,12.74225,85.261944,485,4582,00 50 58.14,+85 15 43,,18.195,17.709,17.6,,0,,PKM,12.7416509,85.2621692,5346,12.7416509,85.262169,-1.25,3.8,0,17.846,0.713,
0.709746,12.600875,85.294167,486,4260,00 50 24.21,+85 17 39,,18.702,17.717,17.492,,94,,PKM,12.6007124,85.2943637,5310,12.6007124,85.294364,-5.8,-0.55,94,18.127,1.086,
0.939105,11.648583,85.228056,487,1133,00 46 35.66,+85 13 41,,18.876,17.729,17.402,18.124,0,,PKM,11.6480962,85.2283137,5073,11.6480962,85.228314,0.04,5.09,0,18.178,1.262,
0.898282,11.076125,85.318333,488,,00 44 18.27,+85 19 06,,18.391,17.73,17.516,,76,,PKM,11.0765754,85.3185798,4546,11.0765754,85.31858,-4.44,0.17,76,17.981,0.885,
0.630002,12.291625,85.260556,489,4401,00 49 09.99,+85 15 38,,18.696,17.751,17.5,,89,,PKM,12.2912476,85.2607282,5347,12.2912476,85.260728,-6.26,-0.56,89,17.906,1.03,
0.916876,12.957833,85.249167,490,,00 51 49.88,+85 14 57,,18.736,17.807,17.554,,95,,PKM,12.9571701,85.2494157,5678,12.9571701,85.249416,-5.48,-0.07,95,18.121,1.089,
0.852514,12.119042,85.2025,491,4515,00 48 28.57,+85 12 09,,18.765,17.829,17.61,,76,,PKM,12.1182642,85.2027277,5108,12.1182642,85.202728,-6.35,0.01,76,18.108,1.097,
1.055821,13.069333,85.203333,492,,00 52 16.64,+85 12 12,,18.857,17.851,17.491,,95,,PKM,13.0681635,85.2036095,5734,13.0681635,85.203609,-5.68,0.05,95,18.21,1.128,
0.089061,11.857833,85.316944,493,,00 47 25.88,+85 19 01,,18.786,17.874,17.6,,92,,PKM,11.8579277,85.3169675,4921,11.8579277,85.316968,-5.42,-1.29,92,18.249,1.109,D
0.381939,12.659042,85.200833,494,2378,00 50 38.17,+85 12 03,,,17.911,17.414,,87,,PKM,12.6578925,85.2007882,5450,12.6578925,85.200788,-5.78,0.14,87,18.461,1.364,
1.209589,11.163792,85.2425,495,,00 44 39.31,+85 14 33,,18.889,17.911,17.523,,97,,PKM,11.1636947,85.2428359,4650,11.1636947,85.242836,-5.14,-0.55,97,18.26,1.115,
0.427787,11.390417,85.228333,496,,00 45 33.70,+85 13 42,,19.096,17.913,17.273,,0,b,PKM,11.3898481,85.228442,4681,11.3898481,85.228442,7.16,0.42,0,18.33,1.206,D
0.518255,12.351208,85.269167,497,4441,00 49 24.29,+85 16 09,,19.091,17.921,17.554,,92,,PKM,12.3506794,85.2693042,5341,12.3506794,85.269304,-6.15,-0.69,92,18.195,1.167,
0.331836,12.641208,85.251389,498,4496,00 50 33.89,+85 15 05,,18.302,17.934,,,0,,PKM,12.6403199,85.2514446,5363,12.6403199,85.251445,-4.05,5.88,0,18.559,0.649,
0.321061,11.972125,85.162778,499,,00 47 53.31,+85 09 46,21.554,,17.956,17.376,,70,,PKM,11.9711074,85.1628023,5154,11.9711074,85.162802,-5.26,0.75,70,18.426,1.306,
0.592077,11.32075,85.156667,500,,00 45 16.98,+85 09 24,,,17.963,17.471,,0,,PKM,11.3203248,85.1568275,4758,11.3203248,85.156828,0.0,0.0,0,18.568,1.379,D
0.101528,11.990292,85.226667,501,1174,00 47 57.67,+85 13 36,,,17.979,17.296,,90,,PKM,11.9899853,85.226655,5077,11.9899853,85.226655,-5.97,-0.74,90,18.624,1.461,
0.449001,11.354042,85.269167,502,,00 45 24.97,+85 16 09,,,17.999,,,0,b,PKM,11.3541929,85.2692911,4611,11.3541929,85.269291,-1.85,6.44,0,18.724,0.827,D
0.810000,11.184458,85.275556,503,,00 44 44.27,+85 16 32,,18.419,18.021,17.851,,0,,PKM,11.1844593,85.275781,4605,11.1844593,85.275781,-3.99,3.8,0,18.188,0.592,
0.804735,11.390208,85.2975,504,,00 45 33.65,+85 17 51,,,18.023,17.329,,0,,PKM,11.390158,85.2977235,4576,11.390158,85.297724,5.2,-3.33,0,18.973,1.342,
0.730381,11.522583,85.151944,505,,00 46 05.42,+85 09 07,,19.02,18.036,17.64,,79,,PKM,11.5216834,85.1521321,4762,11.5216834,85.152132,-5.33,0.59,79,18.376,1.142,
0.885108,12.295125,85.325278,506,,00 49 10.83,+85 19 31,,18.585,18.06,17.874,,0,,PKM,12.2953918,85.3255229,5286,12.2953918,85.325523,-1.37,-2.79,0,18.188,0.709,
0.412492,11.075458,85.313889,507,,00 44 18.11,+85 18 50,,18.744,18.065,17.873,,0,,PKM,11.0755108,85.3140035,4550,11.0755108,85.314003,-3.98,3.35,0,18.346,0.85,
0.401537,12.178417,85.325833,508,,00 48 42.82,+85 19 33,,,18.091,17.825,,0,,PKM,12.1782827,85.325944,4911,12.1782827,85.325944,-5.52,-2.68,,18.481,1.175,G
0.941163,11.609542,85.163889,509,,00 46 26.29,+85 09 50,,18.549,18.093,17.933,,0,,PKM,11.6088635,85.1641441,5831,11.6088635,85.164144,-5.15,6.37,0,18.146,0.633,
0.895631,11.786833,85.295556,510,4571,00 47 08.84,+85 17 44,,,18.13,17.674,,87,,PKM,11.7867531,85.2958047,4940,11.7867531,85.295805,-5.78,-1.32,87,18.466,1.281,
1.121596,11.128875,85.243889,511,,00 44 30.93,+85 14 38,,,18.151,16.983,16.744,0,,PKM,11.1281318,85.2441944,4646,11.1281318,85.244194,39.7,4.6,0,18.667,1.508,
0.500698,12.932958,85.226111,512,,00 51 43.91,+85 13 34,,,18.157,17.712,,90,,PKM,12.9319955,85.2262247,5704,12.9319955,85.226225,-5.84,-0.07,90,18.668,1.401,
0.932419,11.409292,85.211667,513,,00 45 38.23,+85 12 42,,19.257,18.161,18.005,,98,a,PKM,11.4085803,85.2119191,4703,11.4085803,85.211919,-5.45,-0.45,98,18.306,1.131,
0.317758,13.167542,85.293333,514,,00 52 40.21,+85 17 36,,,18.163,17.64,,88,,PKM,13.1668417,85.2934,5641,13.1668417,85.2934,-5.22,0.22,88,18.484,1.236,
0.515462,11.566375,85.226111,515,,00 46 15.93,+85 13 34,,19.333,18.165,18.066,,97,a,PKM,11.5657438,85.2262442,4687,11.5657438,85.226244,-5.69,-0.53,97,18.32,1.133,
0.596842,11.988042,85.165556,516,,00 47 57.13,+85 09 56,,,18.17,17.827,,75,,PKM,11.9870609,85.1656997,5153,11.9870609,85.1657,-5.24,0.63,75,18.624,1.2,
0.799356,11.719667,85.276389,517,4435,00 46 52.72,+85 16 35,,,18.173,17.473,,87,,PKM,11.7194059,85.27661,4974,11.7194059,85.27661,-5.46,-1.18,87,19.16,1.464,
0.346091,13.009542,85.305556,518,,00 52 02.29,+85 18 20,,,18.197,17.689,,89,,PKM,13.0092846,85.3056498,5626,13.0092846,85.30565,-5.16,0.17,89,18.608,1.223,
1.263157,13.028458,85.214444,519,,00 52 06.83,+85 12 52,,,18.229,,,0,b,PKM,13.0278187,85.2147908,5721,13.0278187,85.214791,-3.68,1.65,0,18.645,0.798,D
0.244431,12.042417,85.156111,520,,00 48 10.18,+85 09 22,,,18.261,17.922,,41,,PKM,12.0417176,85.1561445,5160,12.0417176,85.156144,-5.14,1.12,41,18.632,1.148,
0.423032,12.979458,85.296111,521,,00 51 55.07,+85 17 46,,,18.298,18.011,,91,,PKM,12.9790244,85.296223,5633,12.9790244,85.296223,-4.92,-0.45,91,18.748,1.26,
0.672408,12.542125,85.146389,522,,00 50 10.11,+85 08 47,,18.897,18.3,,,0,,PKM,12.5407541,85.1465354,5504,12.5407541,85.146535,-2.25,2.52,0,18.482,0.812,
0.566502,12.291167,85.215278,523,2368,00 49 09.88,+85 12 55,,,18.307,18.018,,88,,PKM,12.2905709,85.2154273,5428,12.2905709,85.215427,-6.09,-0.1,88,18.492,1.184,
0.972753,11.484583,85.254722,524,1177,00 45 56.30,+85 15 17,,,18.309,17.84,,95,,PKM,11.4844033,85.2549918,4632,11.4844033,85.254992,-5.02,-0.75,95,18.526,1.206,
0.196027,11.770917,85.184722,525,,00 47 05.02,+85 11 05,,,18.317,17.842,,88,,PKM,11.7704433,85.1847592,5132,11.7704433,85.184759,-5.51,0.24,88,18.841,1.416,
0.860713,12.229167,85.151667,526,,00 48 55.00,+85 09 06,,,18.337,,,0,,PKM,12.2279369,85.1518823,5499,12.2279369,85.151882,-5.97,5.01,0,18.571,1.032,
0.761054,12.20425,85.323056,527,,00 48 49.02,+85 19 23,,,18.373,17.957,,80,,PKM,12.204111,85.3232671,4915,12.204111,85.323267,-5.42,-1.56,80,18.733,1.255,
0.778749,11.823375,85.146111,528,,00 47 17.61,+85 08 46,,18.823,18.393,,,0,,PKM,11.8225802,85.1463166,5167,11.8225802,85.146317,-2.77,6.23,0,18.562,0.729,
0.570327,12.787208,85.248056,529,4708,00 51 08.93,+85 14 53,,,18.4,,,89,,PKM,12.7865616,85.2482051,5368,12.7865616,85.248205,-6.03,-0.4,89,18.784,1.263,
0.249259,11.57525,85.178056,530,,00 46 18.06,+85 10 41,,,18.41,,,0,,PKM,11.5746281,85.1781014,4733,11.5746281,85.178101,-8.22,3.35,0,18.653,0.984,
0.369673,11.892292,85.239722,531,1170,00 47 34.15,+85 14 23,,,18.415,18.522,,91,,PKM,11.8917597,85.2398147,5054,11.8917597,85.239815,-5.89,-0.46,91,18.844,1.263,
0.574882,11.672667,85.263611,532,1171,00 46 41.44,+85 15 49,,,18.418,18.119,,95,,PKM,11.6724314,85.2637695,4994,11.6724314,85.263769,-5.63,-0.91,95,18.661,1.216,
0.593759,11.6415,85.320556,533,,00 46 33.96,+85 19 14,,,18.429,,,28,,PKM,11.6414596,85.3207209,5824,11.6414596,85.320721,-4.85,1.2,28,18.647,0.957,
0.403898,12.099875,85.21,534,2356,00 48 23.97,+85 12 36,,,18.441,17.908,,89,,PKM,12.0990237,85.2100868,5097,12.0990237,85.210087,-6.06,-0.42,89,18.719,1.242,
0.838977,12.054667,85.256111,535,1167,00 48 13.12,+85 15 22,,19.162,18.446,18.189,,0,,PKM,12.0542201,85.2563411,5010,12.0542201,85.256341,-6.73,4.98,0,18.462,0.887,
1.343868,11.015375,85.314444,536,,00 44 03.69,+85 18 52,,,18.456,17.965,,63,,PKM,11.0155233,85.3148171,4252,11.0155233,85.314817,-4.29,-1.34,63,18.73,1.241,
0.199860,11.839208,85.208611,537,1173,00 47 21.41,+85 12 31,,19.081,18.458,,,0,,PKM,11.8385588,85.2086229,5099,11.8385588,85.208623,-6.07,3.68,0,18.602,0.841,
0.271911,12.186,85.201389,538,2358,00 48 44.64,+85 12 05,,,18.463,18.044,,90,,PKM,12.1852602,85.2013457,5109,12.1852602,85.201346,-5.75,-0.07,90,18.724,1.2,
0.401135,12.762375,85.232222,539,4748,00 51 02.97,+85 13 56,,,18.466,,,0,,PKM,12.76125,85.2322826,5399,12.76125,85.232283,-0.88,3.13,0,19.154,1.404,
0.157791,12.557708,85.291667,540,4364,00 50 13.85,+85 17 30,,,18.478,,,0,,PKM,12.5573802,85.2916324,5314,12.5573802,85.291632,-5.91,2.36,0,18.538,1.019,
0.494267,12.621833,85.202778,541,4623,00 50 29.24,+85 12 10,,,18.496,16.98,16.456,0,,PKM,12.6201953,85.2027684,5443,12.6201953,85.202768,53.3,-3.55,0,18.9,1.624,
0.278161,11.973583,85.183056,542,,00 47 53.66,+85 10 59,,,18.536,17.862,,1,,PKM,11.9726768,85.1830426,5134,11.9726768,85.183043,-6.36,1.88,1,18.89,1.52,
1.260772,13.142458,85.188889,543,,00 52 34.19,+85 11 20,,,18.536,18.148,,84,,PKM,13.1410632,85.1892191,5746,13.1410632,85.189219,-4.92,0.1,84,19.035,1.514,
1.178002,11.082167,85.22,544,,00 44 19.72,+85 13 12,,,18.559,,,94,,PKM,11.0816523,85.2203244,4693,11.0816523,85.220324,-5.29,-0.57,94,18.982,1.304,D
0.654569,11.287792,85.168611,545,,00 45 09.07,+85 10 07,,,18.602,,,0,,PKM,11.2871276,85.168784,4741,11.2871276,85.168784,-2.82,0.03,,19.135,1.478,G
0.867445,11.243667,85.190556,546,,00 44 58.48,+85 11 26,,,18.616,17.778,,92,,PKM,11.2431107,85.1907924,4729,11.2431107,85.190792,-5.4,-0.39,92,19.082,1.473,
0.294807,11.324667,85.265278,547,,00 45 17.92,+85 15 55,,,18.619,18.101,,94,,PKM,11.3244724,85.2653583,4617,11.3244724,85.265358,-5.16,-1.03,94,18.876,1.286,
0.176003,12.299917,85.236944,548,2371,00 49 11.98,+85 14 13,,,18.631,,,85,,PKM,12.2993888,85.2369224,5390,12.2993888,85.236922,-6.13,-0.42,85,19.06,1.319,
0.451875,11.403833,85.164722,549,,00 45 36.92,+85 09 53,,,18.679,,,91,b,PKM,11.4029992,85.164826,4747,11.4029992,85.164826,-5.46,-0.18,91,19.109,1.379,D
0.775807,12.480125,85.178611,550,,00 49 55.23,+85 10 43,,,18.727,,,0,,PKM,12.4789795,85.1788038,5471,12.4789795,85.178804,-9.44,5.02,0,18.967,1.115,
1.088515,11.306458,85.172778,551,,00 45 13.55,+85 10 22,,,18.741,17.963,,78,,PKM,11.3058095,85.1730754,4737,11.3058095,85.173075,-5.35,0.46,78,19.004,1.447,
0.658867,11.531,85.230278,552,1178,00 46 07.44,+85 13 49,,,18.754,16.995,16.288,0,,PKM,11.5301494,85.2304468,4679,11.5301494,85.230447,16.85,1.98,0,19.182,1.657,
0.356625,11.801125,85.290556,553,4250,00 47 12.27,+85 17 26,,,18.761,,,1,,PKM,11.8010559,85.2906549,4951,11.8010559,85.290655,-4.66,1.77,1,18.879,0.664,
0.389673,12.223875,85.235833,554,1129,00 48 53.73,+85 14 09,,,18.767,,,0,,PKM,12.2231229,85.2359214,5395,12.2231229,85.235921,7.24,1.03,0,19.172,0.865,
0.729270,12.903792,85.218611,555,,00 51 36.91,+85 13 07,,,18.77,17.662,,0,,PKM,12.9024985,85.2187825,5711,12.9024985,85.218783,9.79,-8.62,0,19.086,1.479,
0.428341,12.290042,85.228611,556,2370,00 49 09.61,+85 13 43,,,18.781,,,85,,PKM,12.2894657,85.2287199,5406,12.2894657,85.22872,-6.2,-0.65,85,19.168,1.394,
0.582175,11.149833,85.280556,557,,00 44 35.96,+85 16 50,,,18.801,,,21,,PKM,11.1517961,85.280564,4597,11.1517961,85.280564,-5.79,1.36,21,19.57,1.107,D
0.393967,11.44325,85.287778,558,1176,00 45 46.38,+85 17 16,,19.689,18.844,,,13,,PKM,11.4430672,85.2878864,4588,11.4430672,85.287886,-3.96,0.84,13,18.539,0.823,
0.130334,12.11675,85.290556,559,4189,00 48 28.02,+85 17 26,,,18.863,,,0,,PKM,12.1166284,85.2905908,4950,12.1166284,85.290591,-5.28,4.02,0,19.026,1.025,
0.723859,11.099583,85.241944,560,,00 44 23.90,+85 14 31,,,18.865,,,93,,PKM,11.099253,85.2421432,4654,11.099253,85.242143,-5.05,-0.4,93,19.299,1.435,
0.768509,11.060042,85.186111,561,,00 44 14.41,+85 11 10,,,18.919,,,87,,PKM,11.0595534,85.1863205,4731,11.0595534,85.18632,-5.0,-0.43,87,19.176,1.356,
0.238783,11.979125,85.244444,562,1131,00 47 54.99,+85 14 40,,,18.985,17.933,,87,c,PKM,11.978808,85.2445049,5041,11.978808,85.244505,-5.9,-0.07,87,19.189,1.376,
0.145142,12.024583,85.2425,563,1172,00 48 05.90,+85 14 33,,,19.978,,,85,c,PKM,12.0241582,85.2425196,5049,12.0241582,85.24252,-6.2,-0.72,85,18.971,1.308,
1.065997,11.342458,85.231944,564,,00 45 22.19,+85 13 55,,,20.288,18.749,,0,,PKM,11.3415042,85.2322293,4677,11.3415042,85.232229,21.22,3.2,0,19.199,1.526,
0.928140,10.978958,85.2025,565,,00 43 54.95,+85 12 09,,,,17.163,,0,,PKM,10.9785199,85.2027552,4367,10.9785199,85.202755,-4.16,3.84,0,17.613,0.655,
1.031281,10.963208,85.291389,566,,00 43 51.17,+85 17 29,,,,16.942,16.987,91,,PKM,10.963446,85.2916748,4279,10.963446,85.291675,-4.78,-1.19,91,17.558,0.982,
1.378522,10.977792,85.204722,567,,00 43 54.67,+85 12 17,,,,16.14,16.107,95,,PKM,10.9771809,85.2051015,4365,10.9771809,85.205101,-4.84,-0.98,95,16.715,0.95,
1.739152,11.054708,85.158333,568,,00 44 13.13,+85 09 30,15.653,,,,,71,d,PKM,11.0510404,85.1587039,4756,11.0510404,85.158704,-6.55,-0.67,71,11.404,1.529,
0.358098,12.684208,85.295278,570,,00 50 44.21,+85 17 43,14.549,,,,,0,d,PKM,12.6831697,85.2952266,5308,12.6831697,85.295227,6.95,1.59,0,12.117,1.011,
0.478555,11.052167,85.158611,571,,00 44 12.52,+85 09 31,15.66,12.12,,,,71,d,PKM,11.0510404,85.1587039,4756,11.0510404,85.158704,-6.55,-0.67,71,11.404,1.529,
