# This file was produced by the NASA Exoplanet Archive  http://exoplanetarchive.ipac.caltech.edu,,,,,,,,,,,,,,,,,,,,,,,,,,,,,,,,,,,,,,,,,,,,,,,,,,,,,,,,,,,,,,,,,,,,,,,,,,,,,,,,
# Wed Oct 19 20:26:52 2022,,,,,,,,,,,,,,,,,,,,,,,,,,,,,,,,,,,,,,,,,,,,,,,,,,,,,,,,,,,,,,,,,,,,,,,,,,,,,,,,
#,,,,,,,,,,,,,,,,,,,,,,,,,,,,,,,,,,,,,,,,,,,,,,,,,,,,,,,,,,,,,,,,,,,,,,,,,,,,,,,,
# User preference: *,,,,,,,,,,,,,,,,,,,,,,,,,,,,,,,,,,,,,,,,,,,,,,,,,,,,,,,,,,,,,,,,,,,,,,,,,,,,,,,,
#,,,,,,,,,,,,,,,,,,,,,,,,,,,,,,,,,,,,,,,,,,,,,,,,,,,,,,,,,,,,,,,,,,,,,,,,,,,,,,,,
# CONSTRAINT:  where (sy_snum = 1,,,,,,,,,,,,,,,,,,,,,,,,,,,,,,,,,,,,,,,,,,,,,,,,,,,,,,,,,,,,,,,,,,,,,,,,,,,,,,,,
# CONSTRAINT:  and sy_pnum = 1,,,,,,,,,,,,,,,,,,,,,,,,,,,,,,,,,,,,,,,,,,,,,,,,,,,,,,,,,,,,,,,,,,,,,,,,,,,,,,,,
# CONSTRAINT:  and sy_mnum = 0,,,,,,,,,,,,,,,,,,,,,,,,,,,,,,,,,,,,,,,,,,,,,,,,,,,,,,,,,,,,,,,,,,,,,,,,,,,,,,,,
# CONSTRAINT:  and cb_flag = 0,,,,,,,,,,,,,,,,,,,,,,,,,,,,,,,,,,,,,,,,,,,,,,,,,,,,,,,,,,,,,,,,,,,,,,,,,,,,,,,,
# CONSTRAINT:  and pl_controv_flag = 0,,,,,,,,,,,,,,,,,,,,,,,,,,,,,,,,,,,,,,,,,,,,,,,,,,,,,,,,,,,,,,,,,,,,,,,,,,,,,,,,
# CONSTRAINT:  and pl_orbperstr in [0,10],,,,,,,,,,,,,,,,,,,,,,,,,,,,,,,,,,,,,,,,,,,,,,,,,,,,,,,,,,,,,,,,,,,,,,,,,,,,,,,
# CONSTRAINT:  and pl_massestr in [0,25000],,,,,,,,,,,,,,,,,,,,,,,,,,,,,,,,,,,,,,,,,,,,,,,,,,,,,,,,,,,,,,,,,,,,,,,,,,,,,,,
# CONSTRAINT:  and pl_orbeccenstr > 0,,,,,,,,,,,,,,,,,,,,,,,,,,,,,,,,,,,,,,,,,,,,,,,,,,,,,,,,,,,,,,,,,,,,,,,,,,,,,,,,
# CONSTRAINT:  and st_massstr in [0.4,1.2],,,,,,,,,,,,,,,,,,,,,,,,,,,,,,,,,,,,,,,,,,,,,,,,,,,,,,,,,,,,,,,,,,,,,,,,,,,,,,,
# CONSTRAINT:  and st_metstr in [-1.014,0.537],,,,,,,,,,,,,,,,,,,,,,,,,,,,,,,,,,,,,,,,,,,,,,,,,,,,,,,,,,,,,,,,,,,,,,,,,,,,,,,
# CONSTRAINT:  and st_agestr in [0,10]),,,,,,,,,,,,,,,,,,,,,,,,,,,,,,,,,,,,,,,,,,,,,,,,,,,,,,,,,,,,,,,,,,,,,,,,,,,,,,,
# CONSTRAINT:  order by pl_refname asc, pl_name asc,,,,,,,,,,,,,,,,,,,,,,,,,,,,,,,,,,,,,,,,,,,,,,,,,,,,,,,,,,,,,,,,,,,,,,,,,,,,,,,
#,,,,,,,,,,,,,,,,,,,,,,,,,,,,,,,,,,,,,,,,,,,,,,,,,,,,,,,,,,,,,,,,,,,,,,,,,,,,,,,,
# COLUMN pl_name:        Planet Name,,,,,,,,,,,,,,,,,,,,,,,,,,,,,,,,,,,,,,,,,,,,,,,,,,,,,,,,,,,,,,,,,,,,,,,,,,,,,,,,
# COLUMN hostname:       Host Name,,,,,,,,,,,,,,,,,,,,,,,,,,,,,,,,,,,,,,,,,,,,,,,,,,,,,,,,,,,,,,,,,,,,,,,,,,,,,,,,
# COLUMN default_flag:   Default Parameter Set,,,,,,,,,,,,,,,,,,,,,,,,,,,,,,,,,,,,,,,,,,,,,,,,,,,,,,,,,,,,,,,,,,,,,,,,,,,,,,,,
# COLUMN sy_snum:        Number of Stars,,,,,,,,,,,,,,,,,,,,,,,,,,,,,,,,,,,,,,,,,,,,,,,,,,,,,,,,,,,,,,,,,,,,,,,,,,,,,,,,
# COLUMN sy_pnum:        Number of Planets,,,,,,,,,,,,,,,,,,,,,,,,,,,,,,,,,,,,,,,,,,,,,,,,,,,,,,,,,,,,,,,,,,,,,,,,,,,,,,,,
# COLUMN sy_mnum:        Number of Moons,,,,,,,,,,,,,,,,,,,,,,,,,,,,,,,,,,,,,,,,,,,,,,,,,,,,,,,,,,,,,,,,,,,,,,,,,,,,,,,,
# COLUMN cb_flag:        Circumbinary Flag,,,,,,,,,,,,,,,,,,,,,,,,,,,,,,,,,,,,,,,,,,,,,,,,,,,,,,,,,,,,,,,,,,,,,,,,,,,,,,,,
# COLUMN pl_controv_flag: Controversial Flag,,,,,,,,,,,,,,,,,,,,,,,,,,,,,,,,,,,,,,,,,,,,,,,,,,,,,,,,,,,,,,,,,,,,,,,,,,,,,,,,
# COLUMN pl_orbper:      Orbital Period [days],,,,,,,,,,,,,,,,,,,,,,,,,,,,,,,,,,,,,,,,,,,,,,,,,,,,,,,,,,,,,,,,,,,,,,,,,,,,,,,,
# COLUMN pl_orbpererr1:  Orbital Period Upper Unc. [days],,,,,,,,,,,,,,,,,,,,,,,,,,,,,,,,,,,,,,,,,,,,,,,,,,,,,,,,,,,,,,,,,,,,,,,,,,,,,,,,
# COLUMN pl_orbpererr2:  Orbital Period Lower Unc. [days],,,,,,,,,,,,,,,,,,,,,,,,,,,,,,,,,,,,,,,,,,,,,,,,,,,,,,,,,,,,,,,,,,,,,,,,,,,,,,,,
# COLUMN pl_orbperlim:   Orbital Period Limit Flag,,,,,,,,,,,,,,,,,,,,,,,,,,,,,,,,,,,,,,,,,,,,,,,,,,,,,,,,,,,,,,,,,,,,,,,,,,,,,,,,
# COLUMN pl_orbsmax:     Orbit Semi-Major Axis [au]),,,,,,,,,,,,,,,,,,,,,,,,,,,,,,,,,,,,,,,,,,,,,,,,,,,,,,,,,,,,,,,,,,,,,,,,,,,,,,,,
# COLUMN pl_orbsmaxerr1: Orbit Semi-Major Axis Upper Unc. [au],,,,,,,,,,,,,,,,,,,,,,,,,,,,,,,,,,,,,,,,,,,,,,,,,,,,,,,,,,,,,,,,,,,,,,,,,,,,,,,,
# COLUMN pl_orbsmaxerr2: Orbit Semi-Major Axis Lower Unc. [au],,,,,,,,,,,,,,,,,,,,,,,,,,,,,,,,,,,,,,,,,,,,,,,,,,,,,,,,,,,,,,,,,,,,,,,,,,,,,,,,
# COLUMN pl_orbsmaxlim:  Orbit Semi-Major Axis Limit Flag,,,,,,,,,,,,,,,,,,,,,,,,,,,,,,,,,,,,,,,,,,,,,,,,,,,,,,,,,,,,,,,,,,,,,,,,,,,,,,,,
# COLUMN pl_rade:        Planet Radius [Earth Radius],,,,,,,,,,,,,,,,,,,,,,,,,,,,,,,,,,,,,,,,,,,,,,,,,,,,,,,,,,,,,,,,,,,,,,,,,,,,,,,,
# COLUMN pl_radeerr1:    Planet Radius Upper Unc. [Earth Radius],,,,,,,,,,,,,,,,,,,,,,,,,,,,,,,,,,,,,,,,,,,,,,,,,,,,,,,,,,,,,,,,,,,,,,,,,,,,,,,,
# COLUMN pl_radeerr2:    Planet Radius Lower Unc. [Earth Radius],,,,,,,,,,,,,,,,,,,,,,,,,,,,,,,,,,,,,,,,,,,,,,,,,,,,,,,,,,,,,,,,,,,,,,,,,,,,,,,,
# COLUMN pl_radelim:     Planet Radius Limit Flag,,,,,,,,,,,,,,,,,,,,,,,,,,,,,,,,,,,,,,,,,,,,,,,,,,,,,,,,,,,,,,,,,,,,,,,,,,,,,,,,
# COLUMN pl_radj:        Planet Radius [Jupiter Radius],,,,,,,,,,,,,,,,,,,,,,,,,,,,,,,,,,,,,,,,,,,,,,,,,,,,,,,,,,,,,,,,,,,,,,,,,,,,,,,,
# COLUMN pl_radjerr1:    Planet Radius Upper Unc. [Jupiter Radius],,,,,,,,,,,,,,,,,,,,,,,,,,,,,,,,,,,,,,,,,,,,,,,,,,,,,,,,,,,,,,,,,,,,,,,,,,,,,,,,
# COLUMN pl_radjerr2:    Planet Radius Lower Unc. [Jupiter Radius],,,,,,,,,,,,,,,,,,,,,,,,,,,,,,,,,,,,,,,,,,,,,,,,,,,,,,,,,,,,,,,,,,,,,,,,,,,,,,,,
# COLUMN pl_radjlim:     Planet Radius Limit Flag,,,,,,,,,,,,,,,,,,,,,,,,,,,,,,,,,,,,,,,,,,,,,,,,,,,,,,,,,,,,,,,,,,,,,,,,,,,,,,,,
# COLUMN pl_masse:       Planet Mass [Earth Mass],,,,,,,,,,,,,,,,,,,,,,,,,,,,,,,,,,,,,,,,,,,,,,,,,,,,,,,,,,,,,,,,,,,,,,,,,,,,,,,,
# COLUMN pl_masseerr1:   Planet Mass [Earth Mass] Upper Unc.,,,,,,,,,,,,,,,,,,,,,,,,,,,,,,,,,,,,,,,,,,,,,,,,,,,,,,,,,,,,,,,,,,,,,,,,,,,,,,,,
# COLUMN pl_masseerr2:   Planet Mass [Earth Mass] Lower Unc.,,,,,,,,,,,,,,,,,,,,,,,,,,,,,,,,,,,,,,,,,,,,,,,,,,,,,,,,,,,,,,,,,,,,,,,,,,,,,,,,
# COLUMN pl_masselim:    Planet Mass [Earth Mass] Limit Flag,,,,,,,,,,,,,,,,,,,,,,,,,,,,,,,,,,,,,,,,,,,,,,,,,,,,,,,,,,,,,,,,,,,,,,,,,,,,,,,,
# COLUMN pl_massj:       Planet Mass [Jupiter Mass],,,,,,,,,,,,,,,,,,,,,,,,,,,,,,,,,,,,,,,,,,,,,,,,,,,,,,,,,,,,,,,,,,,,,,,,,,,,,,,,
# COLUMN pl_massjerr1:   Planet Mass [Jupiter Mass] Upper Unc.,,,,,,,,,,,,,,,,,,,,,,,,,,,,,,,,,,,,,,,,,,,,,,,,,,,,,,,,,,,,,,,,,,,,,,,,,,,,,,,,
# COLUMN pl_massjerr2:   Planet Mass [Jupiter Mass] Lower Unc.,,,,,,,,,,,,,,,,,,,,,,,,,,,,,,,,,,,,,,,,,,,,,,,,,,,,,,,,,,,,,,,,,,,,,,,,,,,,,,,,
# COLUMN pl_massjlim:    Planet Mass [Jupiter Mass] Limit Flag,,,,,,,,,,,,,,,,,,,,,,,,,,,,,,,,,,,,,,,,,,,,,,,,,,,,,,,,,,,,,,,,,,,,,,,,,,,,,,,,
# COLUMN pl_orbeccen:    Eccentricity,,,,,,,,,,,,,,,,,,,,,,,,,,,,,,,,,,,,,,,,,,,,,,,,,,,,,,,,,,,,,,,,,,,,,,,,,,,,,,,,
# COLUMN pl_orbeccenerr1: Eccentricity Upper Unc.,,,,,,,,,,,,,,,,,,,,,,,,,,,,,,,,,,,,,,,,,,,,,,,,,,,,,,,,,,,,,,,,,,,,,,,,,,,,,,,,
# COLUMN pl_orbeccenerr2: Eccentricity Lower Unc.,,,,,,,,,,,,,,,,,,,,,,,,,,,,,,,,,,,,,,,,,,,,,,,,,,,,,,,,,,,,,,,,,,,,,,,,,,,,,,,,
# COLUMN pl_orbeccenlim: Eccentricity Limit Flag,,,,,,,,,,,,,,,,,,,,,,,,,,,,,,,,,,,,,,,,,,,,,,,,,,,,,,,,,,,,,,,,,,,,,,,,,,,,,,,,
# COLUMN pl_trandep:     Transit Depth [%],,,,,,,,,,,,,,,,,,,,,,,,,,,,,,,,,,,,,,,,,,,,,,,,,,,,,,,,,,,,,,,,,,,,,,,,,,,,,,,,
# COLUMN pl_trandeperr1: Transit Depth Upper Unc. [%],,,,,,,,,,,,,,,,,,,,,,,,,,,,,,,,,,,,,,,,,,,,,,,,,,,,,,,,,,,,,,,,,,,,,,,,,,,,,,,,
# COLUMN pl_trandeperr2: Transit Depth Lower Unc. [%],,,,,,,,,,,,,,,,,,,,,,,,,,,,,,,,,,,,,,,,,,,,,,,,,,,,,,,,,,,,,,,,,,,,,,,,,,,,,,,,
# COLUMN pl_trandeplim:  Transit Depth Limit Flag,,,,,,,,,,,,,,,,,,,,,,,,,,,,,,,,,,,,,,,,,,,,,,,,,,,,,,,,,,,,,,,,,,,,,,,,,,,,,,,,
# COLUMN pl_ratdor:      Ratio of Semi-Major Axis to Stellar Radius,,,,,,,,,,,,,,,,,,,,,,,,,,,,,,,,,,,,,,,,,,,,,,,,,,,,,,,,,,,,,,,,,,,,,,,,,,,,,,,,
# COLUMN pl_ratdorerr1:  Ratio of Semi-Major Axis to Stellar Radius Upper Unc.,,,,,,,,,,,,,,,,,,,,,,,,,,,,,,,,,,,,,,,,,,,,,,,,,,,,,,,,,,,,,,,,,,,,,,,,,,,,,,,,
# COLUMN pl_ratdorerr2:  Ratio of Semi-Major Axis to Stellar Radius Lower Unc.,,,,,,,,,,,,,,,,,,,,,,,,,,,,,,,,,,,,,,,,,,,,,,,,,,,,,,,,,,,,,,,,,,,,,,,,,,,,,,,,
# COLUMN pl_ratdorlim:   Ratio of Semi-Major Axis to Stellar Radius Limit Flag,,,,,,,,,,,,,,,,,,,,,,,,,,,,,,,,,,,,,,,,,,,,,,,,,,,,,,,,,,,,,,,,,,,,,,,,,,,,,,,,
# COLUMN pl_ratror:      Ratio of Planet to Stellar Radius,,,,,,,,,,,,,,,,,,,,,,,,,,,,,,,,,,,,,,,,,,,,,,,,,,,,,,,,,,,,,,,,,,,,,,,,,,,,,,,,
# COLUMN pl_ratrorerr1:  Ratio of Planet to Stellar Radius Upper Unc.,,,,,,,,,,,,,,,,,,,,,,,,,,,,,,,,,,,,,,,,,,,,,,,,,,,,,,,,,,,,,,,,,,,,,,,,,,,,,,,,
# COLUMN pl_ratrorerr2:  Ratio of Planet to Stellar Radius Lower Unc.,,,,,,,,,,,,,,,,,,,,,,,,,,,,,,,,,,,,,,,,,,,,,,,,,,,,,,,,,,,,,,,,,,,,,,,,,,,,,,,,
# COLUMN pl_ratrorlim:   Ratio of Planet to Stellar Radius Limit Flag,,,,,,,,,,,,,,,,,,,,,,,,,,,,,,,,,,,,,,,,,,,,,,,,,,,,,,,,,,,,,,,,,,,,,,,,,,,,,,,,
# COLUMN pl_trueobliq:   True Obliquity [deg],,,,,,,,,,,,,,,,,,,,,,,,,,,,,,,,,,,,,,,,,,,,,,,,,,,,,,,,,,,,,,,,,,,,,,,,,,,,,,,,
# COLUMN pl_trueobliqerr1: True Obliquity Upper Unc. [deg],,,,,,,,,,,,,,,,,,,,,,,,,,,,,,,,,,,,,,,,,,,,,,,,,,,,,,,,,,,,,,,,,,,,,,,,,,,,,,,,
# COLUMN pl_trueobliqerr2: True Obliquity Lower Unc. [deg],,,,,,,,,,,,,,,,,,,,,,,,,,,,,,,,,,,,,,,,,,,,,,,,,,,,,,,,,,,,,,,,,,,,,,,,,,,,,,,,
# COLUMN pl_trueobliqlim: True Obliquity Limit Flag,,,,,,,,,,,,,,,,,,,,,,,,,,,,,,,,,,,,,,,,,,,,,,,,,,,,,,,,,,,,,,,,,,,,,,,,,,,,,,,,
# COLUMN st_teff:        Stellar Effective Temperature [K],,,,,,,,,,,,,,,,,,,,,,,,,,,,,,,,,,,,,,,,,,,,,,,,,,,,,,,,,,,,,,,,,,,,,,,,,,,,,,,,
# COLUMN st_tefferr1:    Stellar Effective Temperature Upper Unc. [K],,,,,,,,,,,,,,,,,,,,,,,,,,,,,,,,,,,,,,,,,,,,,,,,,,,,,,,,,,,,,,,,,,,,,,,,,,,,,,,,
# COLUMN st_tefferr2:    Stellar Effective Temperature Lower Unc. [K],,,,,,,,,,,,,,,,,,,,,,,,,,,,,,,,,,,,,,,,,,,,,,,,,,,,,,,,,,,,,,,,,,,,,,,,,,,,,,,,
# COLUMN st_tefflim:     Stellar Effective Temperature Limit Flag,,,,,,,,,,,,,,,,,,,,,,,,,,,,,,,,,,,,,,,,,,,,,,,,,,,,,,,,,,,,,,,,,,,,,,,,,,,,,,,,
# COLUMN st_rad:         Stellar Radius [Solar Radius],,,,,,,,,,,,,,,,,,,,,,,,,,,,,,,,,,,,,,,,,,,,,,,,,,,,,,,,,,,,,,,,,,,,,,,,,,,,,,,,
# COLUMN st_raderr1:     Stellar Radius Upper Unc. [Solar Radius],,,,,,,,,,,,,,,,,,,,,,,,,,,,,,,,,,,,,,,,,,,,,,,,,,,,,,,,,,,,,,,,,,,,,,,,,,,,,,,,
# COLUMN st_raderr2:     Stellar Radius Lower Unc. [Solar Radius],,,,,,,,,,,,,,,,,,,,,,,,,,,,,,,,,,,,,,,,,,,,,,,,,,,,,,,,,,,,,,,,,,,,,,,,,,,,,,,,
# COLUMN st_radlim:      Stellar Radius Limit Flag,,,,,,,,,,,,,,,,,,,,,,,,,,,,,,,,,,,,,,,,,,,,,,,,,,,,,,,,,,,,,,,,,,,,,,,,,,,,,,,,
# COLUMN st_mass:        Stellar Mass [Solar mass],,,,,,,,,,,,,,,,,,,,,,,,,,,,,,,,,,,,,,,,,,,,,,,,,,,,,,,,,,,,,,,,,,,,,,,,,,,,,,,,
# COLUMN st_masserr1:    Stellar Mass Upper Unc. [Solar mass],,,,,,,,,,,,,,,,,,,,,,,,,,,,,,,,,,,,,,,,,,,,,,,,,,,,,,,,,,,,,,,,,,,,,,,,,,,,,,,,
# COLUMN st_masserr2:    Stellar Mass Lower Unc. [Solar mass],,,,,,,,,,,,,,,,,,,,,,,,,,,,,,,,,,,,,,,,,,,,,,,,,,,,,,,,,,,,,,,,,,,,,,,,,,,,,,,,
# COLUMN st_masslim:     Stellar Mass Limit Flag,,,,,,,,,,,,,,,,,,,,,,,,,,,,,,,,,,,,,,,,,,,,,,,,,,,,,,,,,,,,,,,,,,,,,,,,,,,,,,,,
# COLUMN st_met:         Stellar Metallicity [dex],,,,,,,,,,,,,,,,,,,,,,,,,,,,,,,,,,,,,,,,,,,,,,,,,,,,,,,,,,,,,,,,,,,,,,,,,,,,,,,,
# COLUMN st_meterr1:     Stellar Metallicity Upper Unc. [dex],,,,,,,,,,,,,,,,,,,,,,,,,,,,,,,,,,,,,,,,,,,,,,,,,,,,,,,,,,,,,,,,,,,,,,,,,,,,,,,,
# COLUMN st_meterr2:     Stellar Metallicity Lower Unc. [dex],,,,,,,,,,,,,,,,,,,,,,,,,,,,,,,,,,,,,,,,,,,,,,,,,,,,,,,,,,,,,,,,,,,,,,,,,,,,,,,,
# COLUMN st_metlim:      Stellar Metallicity Limit Flag,,,,,,,,,,,,,,,,,,,,,,,,,,,,,,,,,,,,,,,,,,,,,,,,,,,,,,,,,,,,,,,,,,,,,,,,,,,,,,,,
# COLUMN st_metratio:    Stellar Metallicity Ratio,,,,,,,,,,,,,,,,,,,,,,,,,,,,,,,,,,,,,,,,,,,,,,,,,,,,,,,,,,,,,,,,,,,,,,,,,,,,,,,,
# COLUMN st_logg:        Stellar Surface Gravity [log10(cm/s**2)],,,,,,,,,,,,,,,,,,,,,,,,,,,,,,,,,,,,,,,,,,,,,,,,,,,,,,,,,,,,,,,,,,,,,,,,,,,,,,,,
# COLUMN st_loggerr1:    Stellar Surface Gravity Upper Unc. [log10(cm/s**2)],,,,,,,,,,,,,,,,,,,,,,,,,,,,,,,,,,,,,,,,,,,,,,,,,,,,,,,,,,,,,,,,,,,,,,,,,,,,,,,,
# COLUMN st_loggerr2:    Stellar Surface Gravity Lower Unc. [log10(cm/s**2)],,,,,,,,,,,,,,,,,,,,,,,,,,,,,,,,,,,,,,,,,,,,,,,,,,,,,,,,,,,,,,,,,,,,,,,,,,,,,,,,
# COLUMN st_logglim:     Stellar Surface Gravity Limit Flag,,,,,,,,,,,,,,,,,,,,,,,,,,,,,,,,,,,,,,,,,,,,,,,,,,,,,,,,,,,,,,,,,,,,,,,,,,,,,,,,
# COLUMN st_age:         Stellar Age [Gyr],,,,,,,,,,,,,,,,,,,,,,,,,,,,,,,,,,,,,,,,,,,,,,,,,,,,,,,,,,,,,,,,,,,,,,,,,,,,,,,,
# COLUMN st_ageerr1:     Stellar Age Upper Unc. [Gyr],,,,,,,,,,,,,,,,,,,,,,,,,,,,,,,,,,,,,,,,,,,,,,,,,,,,,,,,,,,,,,,,,,,,,,,,,,,,,,,,
# COLUMN st_ageerr2:     Stellar Age Lower Unc. [Gyr],,,,,,,,,,,,,,,,,,,,,,,,,,,,,,,,,,,,,,,,,,,,,,,,,,,,,,,,,,,,,,,,,,,,,,,,,,,,,,,,
# COLUMN st_agelim:      Stellar Age Limit Flag,,,,,,,,,,,,,,,,,,,,,,,,,,,,,,,,,,,,,,,,,,,,,,,,,,,,,,,,,,,,,,,,,,,,,,,,,,,,,,,,
# COLUMN st_dens:        Stellar Density [g/cm**3],,,,,,,,,,,,,,,,,,,,,,,,,,,,,,,,,,,,,,,,,,,,,,,,,,,,,,,,,,,,,,,,,,,,,,,,,,,,,,,,
# COLUMN st_denserr1:    Stellar Density Upper Unc. [g/cm**3],,,,,,,,,,,,,,,,,,,,,,,,,,,,,,,,,,,,,,,,,,,,,,,,,,,,,,,,,,,,,,,,,,,,,,,,,,,,,,,,
# COLUMN st_denserr2:    Stellar Density Lower Unc. [g/cm**3],,,,,,,,,,,,,,,,,,,,,,,,,,,,,,,,,,,,,,,,,,,,,,,,,,,,,,,,,,,,,,,,,,,,,,,,,,,,,,,,
# COLUMN st_denslim:     Stellar Density Limit Flag,,,,,,,,,,,,,,,,,,,,,,,,,,,,,,,,,,,,,,,,,,,,,,,,,,,,,,,,,,,,,,,,,,,,,,,,,,,,,,,,
#,,,,,,,,,,,,,,,,,,,,,,,,,,,,,,,,,,,,,,,,,,,,,,,,,,,,,,,,,,,,,,,,,,,,,,,,,,,,,,,,
pl_name,hostname,default_flag,sy_snum,sy_pnum,sy_mnum,cb_flag,pl_controv_flag,pl_orbper,pl_orbpererr1,pl_orbpererr2,pl_orbperlim,pl_orbsmax,pl_orbsmaxerr1,pl_orbsmaxerr2,pl_orbsmaxlim,pl_rade,pl_radeerr1,pl_radeerr2,pl_radelim,pl_radj,pl_radjerr1,pl_radjerr2,pl_radjlim,pl_masse,pl_masseerr1,pl_masseerr2,pl_masselim,pl_massj,pl_massjerr1,pl_massjerr2,pl_massjlim,pl_orbeccen,pl_orbeccenerr1,pl_orbeccenerr2,pl_orbeccenlim,pl_trandep,pl_trandeperr1,pl_trandeperr2,pl_trandeplim,pl_ratdor,pl_ratdorerr1,pl_ratdorerr2,pl_ratdorlim,pl_ratror,pl_ratrorerr1,pl_ratrorerr2,pl_ratrorlim,pl_trueobliq,pl_trueobliqerr1,pl_trueobliqerr2,pl_trueobliqlim,st_teff,st_tefferr1,st_tefferr2,st_tefflim,st_rad,st_raderr1,st_raderr2,st_radlim,st_mass,st_masserr1,st_masserr2,st_masslim,st_met,st_meterr1,st_meterr2,st_metlim,st_metratio,st_logg,st_loggerr1,st_loggerr2,st_logglim,st_age,st_ageerr1,st_ageerr2,st_agelim,st_dens,st_denserr1,st_denserr2,st_denslim
K2-182 b,K2-182,1,1,1,0,0,0,4.7369683,2.3E-06,-2.3E-06,0,0.0526,0.0003,-0.0003,0,2.69,0.07,-0.05,0,0.24,0.006,-0.004,0,20,5,-5,0,0.06293,0.01573,-0.01573,0,0.04,0.19,-0.03,0,,,,,14.23,0.22,-0.22,0,0.03111,0.00063,-0.00052,0,,,,,5170,100,-100,0,0.79,0.01,-0.01,0,0.86,0.02,-0.02,0,0.12,0.06,-0.06,0,[Fe/H],4.61,0.1,-0.1,0,2.07,2.14,-1.36,0,,,,
HAT-P-20 b,HAT-P-20,1,1,1,0,0,0,2.875317,4E-06,-4E-06,0,0.0361,0.0005,-0.0005,0,9.718,0.37,-0.37,0,0.867,0.033,-0.033,0,2302.899,59.432,-59.432,0,7.246,0.187,-0.187,0,0.015,0.005,-0.005,0,0.9898,,,0,11.17,0.29,-0.29,0,0.1284,0.0016,-0.0016,0,,,,,4595,80,-80,0,0.69,0.02,-0.02,0,0.76,0.03,-0.03,0,0.35,0.08,-0.08,0,[Fe/H],4.63,0.02,-0.02,0,6.7,5.7,-3.8,0,,,,
HAT-P-23 b,HAT-P-23,0,1,1,0,0,0,1.212884,2E-06,-2E-06,0,0.0232,0.0002,-0.0002,0,15.334,1.009,-1.009,0,1.368,0.09,-0.09,0,664.237,35.278,-35.278,0,2.09,0.111,-0.111,0,0.106,0.044,-0.044,0,1.0536,,,0,4.14,0.23,-0.23,0,0.1169,0.0012,-0.0012,0,,,,,5905,80,-80,0,1.2,0.07,-0.07,0,1.13,0.04,-0.04,0,0.15,0.04,-0.04,0,[Fe/H],4.33,0.05,-0.05,0,4,1,-1,0,,,,
HAT-P-54 b,HAT-P-54,1,1,1,0,0,0,3.799847,1.4E-05,-1.4E-05,0,0.04117,0.00043,-0.00043,0,10.581,0.314,-0.314,0,0.944,0.028,-0.028,0,241.5508,10.17056,-10.17056,0,0.76,0.032,-0.032,0,0.074,,,2,,,,,14.34,0.22,-0.22,0,0.1572,0.002,-0.002,0,,,,,4390,50,-50,0,0.62,0.01,-0.01,0,0.65,0.02,-0.02,0,-0.127,0.08,-0.08,0,[Fe/H],4.67,0.01,-0.01,0,3.9,4.3,-2.1,0,,,,
HATS-7 b,HATS-7,1,1,1,0,0,0,3.185315,5.4E-06,-5.4E-06,0,0.04012,0.00043,-0.00043,0,6.311,0.516,-0.381,0,0.563,0.046,-0.034,0,38.1396,3.81396,-3.81396,0,0.12,0.012,-0.012,0,0.17,,,2,,,,,10.59,0.51,-0.67,0,0.0711,0.0019,-0.0019,0,,,,,4985,50,-50,0,0.81,0.05,-0.04,0,0.85,0.03,-0.03,0,0.25,0.08,-0.08,0,[Fe/H],4.54,0.05,-0.05,0,7.8,5,-5,0,2.22,0.33,-0.33,0
HAT-P-58 b,HAT-P-58,1,1,1,0,0,0,4.0138379,2.4E-06,-2.4E-06,0,0.04994,0.00044,-0.00044,0,14.93,0.482,-0.482,0,1.332,0.043,-0.043,0,118.23217,9.53485,-9.53485,0,0.372,0.03,-0.03,0,0.073,,,2,,,,,7.02,0.15,-0.15,0,0.0895,0.0017,-0.0017,0,,,,,6078,48,-48,0,1.53,0.03,-0.03,0,1.03,0.03,-0.03,0,-0.224,0.057,-0.057,0,[Fe/H],4.08,0.02,-0.02,0,7.11,0.27,-0.72,0,0.405,0.026,-0.026,0
HAT-P-59 b,HAT-P-59,1,1,1,0,0,0,4.1419771,1.2E-06,-1.2E-06,0,0.05064,0.00037,-0.00037,0,12.588,0.146,-0.146,0,1.123,0.013,-0.013,0,489.45575,21.2945,-21.2945,0,1.54,0.067,-0.067,0,0.03,,,2,,,,,9.87,0.12,-0.12,0,0.10452,0.00096,-0.00096,0,,,,,5678,16,-16,0,1.1,0.01,-0.01,0,1.01,0.02,-0.02,0,0.217,0.049,-0.049,0,[Fe/H],4.36,0.01,-0.01,0,7.3,1,-1,0,1.059,0.038,-0.038,0
HAT-P-61 b,HAT-P-61,1,1,1,0,0,0,1.90231289,7.7E-07,-7.7E-07,0,0.0301,0.00034,-0.00034,0,10.077,0.303,-0.303,0,0.899,0.027,-0.027,0,335.94463,22.24799,-22.24799,0,1.057,0.07,-0.07,0,0.113,,,2,,,,,6.9,0.13,-0.13,0,0.0984,0.0025,-0.0025,0,,,,,5587,45,-45,0,0.94,0.01,-0.01,0,1,0.03,-0.03,0,0.194,0.06,-0.06,0,[Fe/H],4.5,0.02,-0.02,0,2.6,2,-2,0,1.715,0.094,-0.094,0
HAT-P-62 b,HAT-P-62,1,1,1,0,0,0,2.6453235,3.9E-06,-3.9E-06,0,0.03772,0.00024,-0.00024,0,12.027,0.325,-0.325,0,1.073,0.029,-0.029,0,241.86742,27.9689,-27.9689,0,0.761,0.088,-0.088,0,0.101,,,2,,,,,6.93,0.11,-0.11,0,0.0942,0.0019,-0.0019,0,,,,,5629,48,-48,0,1.17,0.02,-0.02,0,1.02,0.02,-0.02,0,0.414,0.09,-0.09,0,[Fe/H],4.31,0.01,-0.01,0,8.1,1.1,-1.1,0,0.901,0.042,-0.042,0
HAT-P-63 b,HAT-P-63,1,1,1,0,0,0,3.377728,1.3E-05,-1.3E-05,0,0.04294,0.00035,-0.00035,0,12.543,0.37,-0.37,0,1.119,0.033,-0.033,0,195.14664,7.62788,-7.62788,0,0.614,0.024,-0.024,0,0.069,,,2,,,,,9.56,0.14,-0.14,0,0.1191,0.0032,-0.0032,0,,,,,5400,55,-39,0,0.97,0.01,-0.01,0,0.93,0.02,-0.02,0,0.251,0.061,-0.061,0,[Fe/H],4.43,0.01,-0.01,0,9,1.7,-1.7,0,1.448,0.061,-0.061,0
HATS-8 b,HATS-8,1,1,1,0,0,0,3.583893,1E-05,-1E-05,0,0.04667,0.00055,-0.00055,0,9.785,1.379,-0.841,0,0.873,0.123,-0.075,0,43.86054,6.03877,-6.03877,0,0.138,0.019,-0.019,0,0.376,,,2,,,,,9.21,0.54,-1.04,0,0.0814,0.0038,-0.0038,0,,,,,5679,50,-50,0,1.09,0.15,-0.06,0,1.06,0.04,-0.04,0,0.21,0.08,-0.08,0,[Fe/H],4.39,0.07,-0.07,0,5.1,1.7,-1.7,0,1.15,0.21,-0.35,0
HATS-23 b,HATS-23,1,1,1,0,0,0,2.1605156,4.5E-06,-4.5E-06,0,0.03397,0.00047,-0.00047,0,20.849,3.363,-4.484,0,1.86,0.3,-0.4,0,467.2101,22.88376,-22.88376,0,1.47,0.072,-0.072,0,0.114,,,2,,,,,6.08,0.41,-0.26,0,0.159,0.02,-0.02,0,,,,,5780,120,-120,0,1.2,0.06,-0.08,0,1.12,0.05,-0.05,0,0.28,0.07,-0.07,0,[Fe/H],4.33,0.04,-0.04,0,4.2,1.5,-1.5,0,0.91,0.2,-0.11,0
GJ 3470 b,GJ 3470,0,1,1,0,0,0,3.3366487,4.3E-06,-3.3E-06,0,0.031,0.0028,-0.0028,0,3.88,0.32,-0.32,0,0.346,0.029,-0.029,0,13.73,1.61,-1.61,0,0.043,0.005,-0.005,0,0.017,0.016,-0.012,0,,,,,13.94,0.44,-0.49,0,0.07642,0.00037,-0.00037,0,,,,,3652,50,-50,0,0.48,0.04,-0.04,0,0.51,0.06,-0.06,0,0.18,0.08,-0.08,0,[Fe/H],4.78,0.12,-0.12,0,2.5,1.5,-1.5,0,6.51,1.55,-1.55,0
Kepler-44 b,Kepler-44,0,1,1,0,0,0,3.24674,1.8E-05,-1.8E-05,0,0.0455,0.0013,-0.0013,0,13.9,0.78,-0.78,0,1.24,0.07,-0.07,0,324.17,22.25,-22.25,0,1.02,0.07,-0.07,0,0.021,,,1,,,,,6.45,0.32,-0.26,0,0.0844,0.0011,-0.0011,0,,,,,5757,134,-134,0,1.52,0.09,-0.09,0,1.19,0.1,-0.1,0,0.26,0.1,-0.1,0,[Fe/H],4.15,0.06,-0.06,0,6.95,1.1,-1.7,0,0.48,0.07,-0.06,0
CoRoT-13 b,CoRoT-13,0,1,1,0,0,0,4.03519,3E-05,-3E-05,0,0.05107,0.0003,-0.00031,0,9.92,0.157,-0.157,0,0.885,0.014,-0.014,0,423.03173,23.20159,-23.20159,0,1.331,0.073,-0.073,0,0.067,,,1,,,,,,,,,,,,,,,,,5945,90,-90,0,1.01,0.03,-0.03,0,1.09,0.02,-0.02,0,0.01,0.07,-0.07,0,,,,,,1.6,1.5,-1.5,0,,,,
CoRoT-14 b,CoRoT-14,0,1,1,0,0,0,1.51214,0.00013,-0.00013,0,0.02691,0.0007,-0.00073,0,12.218,0.785,-0.785,0,1.09,0.07,-0.07,0,2358.2986,149.3801,-149.3801,0,7.42,0.47,-0.47,0,0.036,,,1,,,,,,,,,,,,,,,,,6040,100,-100,0,1.21,0.08,-0.08,0,1.13,0.09,-0.09,0,0.05,0.15,-0.15,0,,,,,,4.2,3.8,-3.8,0,,,,
CoRoT-18 b,CoRoT-18,0,1,1,0,0,0,1.9000693,2.8E-06,-2.8E-06,0,0.0295,0.0015,-0.0017,0,14.684,2.018,-2.018,0,1.31,0.18,-0.18,0,1099.6918,120.7754,-120.7754,0,3.46,0.38,-0.38,0,0.025,,,1,,,,,,,,,,,,,,,,,5440,100,-100,0,1,0.13,-0.13,0,0.95,0.15,-0.15,0,-0.1,0.1,-0.1,0,[Fe/H],,,,,0.6,0,-0.6,0,,,,
CoRoT-25 b,CoRoT-25,0,1,1,0,0,0,4.86069,6E-05,-6E-05,0,0.05789,0.0019,-0.00093,0,12.106,3.363,-1.121,0,1.08,0.3,-0.1,0,93.12419,19.38763,-19.0698,0,0.293,0.061,-0.06,0,0.22,,,1,,,,,,,,,,,,,,,,,6040,90,-90,0,1.19,0.14,-0.03,0,1.09,0.11,-0.05,0,-0.01,0.13,-0.13,0,[Fe/H],,,,,4.5,1.8,-2,0,,,,
CoRoT-26 b,CoRoT-26,0,1,1,0,0,0,4.20474,5E-05,-5E-05,0,0.0525,0.00094,-0.00098,0,14.123,1.457,-0.785,0,1.26,0.13,-0.07,0,184.3414,63.566,-34.9613,0,0.58,0.2,-0.11,0,0.41,,,1,,,,,,,,,,,,,,,,,5590,100,-100,0,1.79,0.18,-0.09,0,1.09,0.06,-0.06,0,0.01,0.13,-0.13,0,,,,,,8.6,1.8,-0.9,0,,,,
CoRoT-4 b,CoRoT-4,0,1,1,0,0,0,9.20205,0.00037,-0.00037,0,0.09025,0.00068,-0.00055,0,13.339,0.616,-0.616,0,1.19,0.055,-0.055,0,223.43449,22.56593,-23.20159,0,0.703,0.071,-0.073,0,0.14,,,1,,,,,,,,,,,,,,,,,6190,60,-60,0,1.17,0.01,-0.03,0,1.16,0.03,-0.02,0,0.05,0.07,-0.07,0,,,,,,1,1,-0.3,0,,,,
CoRoT-6 b,CoRoT-6,0,1,1,0,0,0,8.886593,4E-05,-4E-05,0,0.0854,0.0013,-0.0014,0,13.07,0.392,-0.392,0,1.166,0.035,-0.035,0,937.5985,88.9924,-88.9924,0,2.95,0.28,-0.28,0,0.18,,,1,,,,,,,,,,,,,,,,,6090,50,-50,0,1.02,0.03,-0.03,0,1.05,0.05,-0.05,0,-0.2,0.1,-0.1,0,[Fe/H],,,,,2.5,2.1,-1.7,0,,,,
CoRoT-8 b,CoRoT-8,0,1,1,0,0,0,6.212381,5.7E-05,-5.7E-05,0,0.06339,0.00096,-0.00098,0,6.389,0.224,-0.224,0,0.57,0.02,-0.02,0,69.28694,10.48839,-13.03103,0,0.218,0.033,-0.041,0,0.19,,,1,,,,,,,,,,,,,,,,,5080,80,-80,0,0.77,0.02,-0.02,0,0.88,0.04,-0.04,0,0.3,0.1,-0.1,0,,,,,,3,0,-3,0,,,,
HAT-P-12 b,HAT-P-12,0,1,1,0,0,0,3.21305929,3.5E-07,-3.5E-07,0,0.03838,0.00031,-0.00033,0,10.749,0.325,-0.235,0,0.959,0.029,-0.021,0,66.23577,3.05117,-2.9876,0,0.2084,0.0096,-0.0094,0,0.035,,,1,,,,,,,,,,,,,,,,,4650,60,-60,0,0.7,0.02,-0.01,0,0.73,0.02,-0.02,0,-0.29,0.05,-0.05,0,[Fe/H],,,,,2.5,2,-2,0,,,,
HAT-P-36 b,HAT-P-36,0,1,1,0,0,0,1.327347,3E-06,-3E-06,0,0.02382,0.00038,-0.00039,0,14.168,0.796,-0.796,0,1.264,0.071,-0.071,0,587.9855,31.783,-31.783,0,1.85,0.1,-0.1,0,0.059,,,1,,,,,,,,,,,,,,,,,5560,100,-100,0,1.1,0.06,-0.06,0,1.02,0.05,-0.05,0,0.26,0.1,-0.1,0,,,,,,6.6,2.9,-1.8,0,,,,
HAT-P-37 b,HAT-P-37,0,1,1,0,0,0,2.797436,7E-06,-7E-06,0,0.03793,0.00056,-0.00058,0,13.204,0.863,-0.863,0,1.178,0.077,-0.077,0,381.396,38.1396,-34.9613,0,1.2,0.12,-0.11,0,0.14,,,1,,,,,,,,,,,,,,,,,5500,100,-100,0,0.88,0.06,-0.04,0,0.93,0.04,-0.04,0,0.03,0.1,-0.1,0,,,,,,3.6,4.1,-2.2,0,,,,
HAT-P-42 b,HAT-P-42,0,1,1,0,0,0,4.641878,3.2E-05,-3.2E-05,0,0.0575,0.0011,-0.0011,0,14.348,1.681,-1.681,0,1.28,0.15,-0.15,0,279.6904,44.4962,-41.3179,0,0.88,0.14,-0.13,0,0.11,,,1,,,,,,,,,,,,,,,,,5743,50,-50,0,1.53,0.14,-0.14,0,1.18,0.07,-0.07,0,0.27,0.08,-0.08,0,,,,,,5.2,1.8,-0.7,0,,,,
HAT-P-43 b,HAT-P-43,0,1,1,0,0,0,3.332687,1.5E-05,-1.5E-05,0,0.04445,0.00045,-0.00053,0,14.359,0.695,-0.37,0,1.281,0.062,-0.033,0,232.0159,101.7056,-44.4962,0,0.73,0.32,-0.14,0,0.21,,,1,,,,,,,,,,,,,,,,,5645,74,-74,0,1.1,0.04,-0.02,0,1.05,0.03,-0.04,0,0.23,0.08,-0.08,0,,,,,,5.7,1.9,-1.1,0,,,,
HAT-P-5 b,HAT-P-5,0,1,1,0,0,0,2.7884736,5.2E-07,-5.2E-07,0,0.04073,0.0005,-0.00093,0,14.056,0.572,-0.628,0,1.254,0.051,-0.056,0,324.1866,31.783,-31.783,0,1.02,0.1,-0.1,0,0.072,,,1,,,,,,,,,,,,,,,,,5960,100,-100,0,1.17,0.05,-0.05,0,1.16,0.04,-0.08,0,0.24,0.15,-0.15,0,,,,,,2.6,2.1,-1.4,0,,,,
HATS-1 b,HATS-1,0,1,1,0,0,0,3.446459,4E-06,-4E-06,0,0.04446,0.0008,-0.00084,0,14.594,1.793,-1.098,0,1.302,0.16,-0.098,0,556.2025,60.3877,-60.3877,0,1.75,0.19,-0.19,0,0.082,,,1,,,,,,,,,,,,,,,,,5870,100,-100,0,1.04,0.13,-0.07,0,0.99,0.05,-0.05,0,-0.06,0.12,-0.12,0,[Fe/H],,,,,6,2.8,-2.8,0,,,,
HATS-2 b,HATS-2,0,1,1,0,0,0,1.354133,1E-06,-1E-06,0,0.02298,0.00032,-0.00032,0,13.092,0.336,-0.336,0,1.168,0.03,-0.03,0,486.2799,38.1396,-73.1009,0,1.53,0.12,-0.23,0,0.29,,,1,,,,,,,,,,,,,,,,,5227,95,-95,0,0.9,0.02,-0.02,0,0.88,0.04,-0.04,0,0.15,0.05,-0.05,0,,,,,,9.7,2.9,-2.9,0,,,,
HATS-4 b,HATS-4,0,1,1,0,0,0,2.516729,2E-06,-2E-06,0,0.03623,0.00024,-0.00025,0,11.433,0.415,-0.415,0,1.02,0.037,-0.037,0,416.03947,12.7132,-12.39537,0,1.309,0.04,-0.039,0,0.024,,,1,,,,,,,,,,,,,,,,,5403,50,-50,0,0.93,0.02,-0.02,0,1,0.02,-0.02,0,0.43,0.08,-0.08,0,,,,,,2.1,1.6,-1.6,0,,,,
HD 209458 b,HD 209458,0,1,1,0,0,0,3.52474859,3.8E-07,-3.8E-07,0,0.04707,0.00045,-0.00047,0,15.233,0.179,-0.213,0,1.359,0.016,-0.019,0,216.76006,4.44962,-4.76745,0,0.682,0.014,-0.015,0,0.0081,,,1,,,,,,,,,,,,,,,,,6065,50,-50,0,1.16,0.01,-0.02,0,1.12,0.03,-0.03,0,0,0.05,-0.05,0,,,,,,3.1,0.8,-0.7,0,,,,
Kepler-12 b,Kepler-12,0,1,1,0,0,0,4.4379637,2E-07,-2E-07,0,0.05563,0.00084,-0.00085,0,18.999,0.314,-0.359,0,1.695,0.028,-0.032,0,137.62039,13.34886,-12.7132,0,0.433,0.042,-0.04,0,0.021,,,1,,,,,,,,,,,,,,,,,5950,100,-100,0,1.48,0.03,-0.03,0,1.17,0.05,-0.05,0,0.07,0.04,-0.04,0,,,,,,4,0.3,-0.4,0,,,,
Kepler-15 b,Kepler-15,0,1,1,0,0,0,4.9427809,1.4E-06,-1.4E-06,0,0.05705,0.00069,-0.00066,0,10.761,0.673,-0.785,0,0.96,0.06,-0.07,0,201.18639,14.62018,-14.30235,0,0.633,0.046,-0.045,0,0.068,,,1,,,,,,,,,,,,,,,,,5520,120,-130,0,0.99,0.06,-0.07,0,1.02,0.04,-0.03,0,0.36,0.07,-0.07,0,,,,,,3.7,1.5,-3.6,0,,,,
Kepler-17 b,Kepler-17,0,1,1,0,0,0,1.48571091,2.1E-07,-2.1E-07,0,0.0268,0.00046,-0.00048,0,14.908,0.448,-0.448,0,1.33,0.04,-0.04,0,785.0401,38.1396,-34.9613,0,2.47,0.12,-0.11,0,0.02,,,1,,,,,,,,,,,,,,,,,5781,85,-85,0,1.05,0.03,-0.03,0,1.16,0.06,-0.06,0,0.26,0.1,-0.1,0,,,,,,1.8,0,-1.8,0,,,,
Kepler-41 b,Kepler-41,0,1,1,0,0,0,1.8555582,5.2E-07,-5.2E-07,0,0.03097,0.00036,-0.00036,0,14.46,0.224,-0.224,0,1.29,0.02,-0.02,0,179.89178,21.93027,-21.29461,0,0.566,0.069,-0.067,0,0.21,,,1,,,,,,,,,,,,,,,,,5750,100,-100,0,1.29,0.02,-0.02,0,1.15,0.04,-0.04,0,0.38,0.11,-0.11,0,,,,,,4.4,1.3,-1.1,0,,,,
Kepler-422 b,Kepler-422,0,1,1,0,0,0,7.8914483,5E-07,-5E-07,0,0.0813,0.0014,-0.0014,0,12.89,1.233,-1.233,0,1.15,0.11,-0.11,0,155.7367,73.1009,-38.1396,0,0.49,0.23,-0.12,0,0.55,,,1,,,,,,,,,,,,,,,,,5972,84,-84,0,1.24,0.12,-0.12,0,1.15,0.06,-0.06,0,0.23,0.09,-0.09,0,,,,,,3.4,0.9,-1.1,0,,,,
Kepler-6 b,Kepler-6,0,1,1,0,0,0,3.2346994,3.5E-07,-3.5E-07,0,0.04448,0.0019,-0.00084,0,13.103,0.583,-0.247,0,1.169,0.052,-0.022,0,205.63601,17.48065,-13.03103,0,0.647,0.055,-0.041,0,0.06,,,1,,,,,,,,,,,,,,,,,5647,44,-44,0,1.26,0.06,-0.02,0,1.11,0.15,-0.06,0,0.34,0.04,-0.04,0,,,,,,5.7,0.8,-2.3,0,,,,
Kepler-74 b,Kepler-74,0,1,1,0,0,0,7.340711,6E-06,-6E-06,0,0.07813,0.00084,-0.00088,0,10.761,0.224,-0.224,0,0.96,0.02,-0.02,0,191.96932,27.96904,-29.87602,0,0.604,0.088,-0.094,0,0.27,0.12,-0.13,0,,,,,,,,,,,,,,,,,6000,100,-100,0,1.12,0.04,-0.04,0,1.18,0.04,-0.04,0,0.42,0.11,-0.11,0,,,,,,0.8,0.9,-0.5,0,,,,
Kepler-76 b,Kepler-76,0,1,1,0,0,0,1.5449287,2.7E-07,-2.7E-07,0,0.0278,0.0015,-0.0016,0,14.011,0.897,-0.897,0,1.25,0.08,-0.08,0,635.66,85.8141,-82.6358,0,2,0.27,-0.26,0,0.078,,,1,,,,,,,,,,,,,,,,,6409,95,-95,0,1.32,0.08,-0.08,0,1.2,0.2,-0.2,0,-0.1,0.2,-0.2,0,[Fe/H],,,,,3.6,3.7,-1.3,0,,,,
Kepler-77 b,Kepler-77,0,1,1,0,0,0,3.57878087,2.3E-07,-2.3E-07,0,0.04502,0.00063,-0.00065,0,10.761,0.179,-0.179,0,0.96,0.016,-0.016,0,165.90726,13.34886,-12.7132,0,0.522,0.042,-0.04,0,0.079,,,1,,,,,,,,,,,,,,,,,5520,60,-60,0,0.99,0.02,-0.02,0,0.95,0.04,-0.04,0,0.2,0.05,-0.05,0,,,,,,7.5,2,-2,0,,,,
OGLE-TR-10 b,OGLE-TR-10,0,1,1,0,0,0,3.101278,4E-06,-4E-06,0,0.0435,0.00091,-0.0012,0,14.011,1.569,-1.345,0,1.25,0.14,-0.12,0,359.1479,508.528,-123.9537,0,1.13,1.6,-0.39,0,0.82,,,1,,,,,,,,,,,,,,,,,5950,130,-130,0,1.17,0.13,-0.11,0,1.14,0.1,-0.12,0,0.15,0.15,-0.15,0,,,,,,3.2,4,-3.1,0,,,,
OGLE-TR-111 b,OGLE-TR-111,0,1,1,0,0,0,4.0144477,1.9E-06,-1.9E-06,0,0.04689,0.00099,-0.001,0,11.781,0.639,-0.594,0,1.051,0.057,-0.053,0,247.9074,197.0546,-88.9924,0,0.78,0.62,-0.28,0,0.54,,,1,,,,,,,,,,,,,,,,,5040,80,-80,0,0.83,0.04,-0.04,0,0.85,0.06,-0.05,0,0.19,0.07,-0.07,0,,,,,,8.8,5.2,-6.6,0,,,,
OGLE-TR-182 b,OGLE-TR-182,0,1,1,0,0,0,3.9791,1E-05,-1E-05,0,0.05205,0.00057,-0.00059,0,16.477,1.569,-1.569,0,1.47,0.14,-0.14,0,340.0781,47.6745,-63.566,0,1.07,0.15,-0.2,0,0.27,,,1,,,,,,,,,,,,,,,,,5924,64,-64,0,1.53,0.17,-0.17,0,1.19,0.04,-0.04,0,0.37,0.08,-0.08,0,,,,,,4.3,0.5,-1.9,0,,,,
Qatar-2 b,Qatar-2,0,1,1,0,0,0,1.33711647,2.6E-07,-2.6E-07,0,0.02153,0.0002,-0.00019,0,14.056,0.135,-0.135,0,1.254,0.012,-0.012,0,785.0401,16.52716,-16.52716,0,2.47,0.052,-0.052,0,0.011,,,1,,,,,,,,,,,,,,,,,4645,50,-50,0,0.78,0.01,-0.01,0,0.74,0.02,-0.02,0,0.02,0.08,-0.08,0,,,,,,7,7,-7,0,,,,
TrES-3 b,TrES-3,0,1,1,0,0,0,1.30618648,7E-08,-7E-08,0,0.02284,0.00024,-0.00037,0,14.975,0.347,-0.415,0,1.336,0.031,-0.037,0,572.41183,24.79074,-26.37989,0,1.801,0.078,-0.083,0,0.043,,,1,,,,,,,,,,,,,,,,,5650,75,-75,0,0.83,0.01,-0.02,0,0.93,0.03,-0.05,0,-0.19,0.08,-0.08,0,[Fe/H],,,,,0.9,2.8,-0.8,0,,,,
TrES-5 b,TrES-5,0,1,1,0,0,0,1.4822446,7E-07,-7E-07,0,0.02452,0.00021,-0.00022,0,13.552,0.235,-0.235,0,1.209,0.021,-0.021,0,568.9157,22.56593,-22.2481,0,1.79,0.071,-0.07,0,0.03,,,1,,,,,,,,,,,,,,,,,5171,36,-36,0,0.87,0.01,-0.01,0,0.89,0.02,-0.02,0,0.2,0.08,-0.08,0,,,,,,7.4,1.9,-1.9,0,,,,
WASP-10 b,WASP-10,0,1,1,0,0,0,3.09272932,3.2E-07,-3.2E-07,0,0.0378,0.0013,-0.0014,0,11.96,0.717,-0.717,0,1.067,0.064,-0.064,0,1020.2343,73.1009,-76.2792,0,3.21,0.23,-0.24,0,0.0601,0.0064,-0.0046,0,,,,,,,,,,,,,,,,,4680,100,-100,0,0.7,0.04,-0.04,0,0.75,0.08,-0.08,0,0.03,0.2,-0.2,0,,,,,,7,6,-3,0,,,,
WASP-106 b,WASP-106,0,1,1,0,0,0,9.289715,1E-05,-1E-05,0,0.0917,0.0014,-0.0014,0,12.162,0.516,-0.314,0,1.085,0.046,-0.028,0,606.73747,25.10857,-25.10857,0,1.909,0.079,-0.079,0,0.046,,,1,,,,,,,,,,,,,,,,,6000,150,-150,0,1.39,0.05,-0.03,0,1.19,0.05,-0.05,0,-0.09,0.09,-0.09,0,[Fe/H],,,,,7,2,-2,0,,,,
WASP-15 b,WASP-15,0,1,1,0,0,0,3.75209748,8.1E-07,-8.1E-07,0,0.0499,0.0017,-0.0018,0,16.006,0.863,-0.863,0,1.428,0.077,-0.077,0,172.26386,17.16282,-16.84499,0,0.542,0.054,-0.053,0,0.055,,,1,,,,,,,,,,,,,,,,,6300,100,-100,0,1.48,0.07,-0.07,0,1.18,0.12,-0.12,0,-0.17,0.11,-0.11,0,[Fe/H],,,,,3.9,2.8,-1.3,0,,,,
WASP-16 b,WASP-16,0,1,1,0,0,0,3.1186068,1.2E-06,-1.2E-06,0,0.0422,0.001,-0.0017,0,11.299,0.93,-0.673,0,1.008,0.083,-0.06,0,288.58964,14.30235,-22.56593,0,0.908,0.045,-0.071,0,0.018,,,1,,,,,,,,,,,,,,,,,5700,150,-150,0,0.95,0.06,-0.05,0,1.02,0.07,-0.13,0,0.01,0.1,-0.1,0,,,,,,2.3,5.8,-2.2,0,,,,
WASP-19 b,WASP-19,0,1,1,0,0,0,0.7888396,1E-06,-1E-06,0,0.01649,0.00053,-0.00056,0,14.684,0.673,-0.673,0,1.31,0.06,-0.06,0,367.72931,24.15508,-24.79074,0,1.157,0.076,-0.078,0,0.0061,,,1,,,,,,,,,,,,,,,,,5500,100,-100,0,0.94,0.04,-0.04,0,0.96,0.09,-0.1,0,0.02,0.09,-0.09,0,,,,,,5.5,8.5,-4.5,0,,,,
WASP-23 b,WASP-23,0,1,1,0,0,0,2.94443,1.1E-06,-1.1E-06,0,0.037,0.0019,-0.0022,0,10.783,0.527,-0.628,0,0.962,0.047,-0.056,0,279.37257,30.19385,-31.783,0,0.879,0.095,-0.1,0,0.065,,,1,,,,,,,,,,,,,,,,,5150,100,-100,0,0.77,0.03,-0.05,0,0.78,0.13,-0.12,0,-0.05,0.13,-0.13,0,[Fe/H],,,,,6.2,5.6,-2.5,0,,,,
WASP-25 b,WASP-25,0,1,1,0,0,0,3.7648327,9E-07,-9E-07,0,0.04738,0.00047,-0.00047,0,13.675,0.673,-0.56,0,1.22,0.06,-0.05,0,182.43442,13.34886,-13.34886,0,0.574,0.042,-0.042,0,0.083,,,1,,,,,,,,,,,,,,,,,5750,100,-100,0,0.92,0.04,-0.04,0,1,0.03,-0.03,0,-0.05,0.1,-0.1,0,[Fe/H],,,,,0.02,4,-0.01,0,,,,
WASP-28 b,WASP-28,0,1,1,0,0,0,3.40883,6E-06,-6E-06,0,0.04465,0.00073,-0.00074,0,13.597,0.471,-0.471,0,1.213,0.042,-0.042,0,287.95398,14.62018,-13.98452,0,0.906,0.046,-0.044,0,0.058,,,1,,,,,,,,,,,,,,,,,6150,140,-140,0,1.09,0.03,-0.03,0,1.02,0.05,-0.05,0,-0.29,0.1,-0.1,0,[Fe/H],,,,,5,3,-2,0,,,,
WASP-31 b,WASP-31,0,1,1,0,0,0,3.405886,7.8E-07,-7.8E-07,0,0.04663,0.00034,-0.00034,0,17.363,0.56,-0.56,0,1.549,0.05,-0.05,0,155.41887,7.94575,-7.94575,0,0.489,0.025,-0.025,0,0.047,,,1,,,,,,,,,,,,,,,,,6300,100,-100,0,1.25,0.03,-0.03,0,1.17,0.03,-0.03,0,-0.2,0.09,-0.09,0,[Fe/H],,,,,1,3,-0.5,0,,,,
WASP-32 b,WASP-32,0,1,1,0,0,0,2.7186591,2.4E-06,-2.4E-06,0,0.03904,0.00062,-0.00061,0,12.33,0.448,-0.448,0,1.1,0.04,-0.04,0,1109.2267,38.1396,-34.9613,0,3.49,0.12,-0.11,0,0.004,,,1,,,,,,,,,,,,,,,,,6140,90,-100,0,1.09,0.03,-0.03,0,1.07,0.05,-0.05,0,-0.13,0.1,-0.1,0,[Fe/H],,,,,2.22,0.62,-0.73,0,,,,
WASP-34 b,WASP-34,0,1,1,0,0,0,4.3176782,4.5E-06,-4.5E-06,0,0.0521,0.0012,-0.0012,0,13.675,1.233,-0.897,0,1.22,0.11,-0.08,0,185.29489,9.5349,-9.85273,0,0.583,0.03,-0.031,0,0.024,,,1,,,,,,,,,,,,,,,,,5700,100,-100,0,0.93,0.12,-0.12,0,1.01,0.07,-0.07,0,-0.02,0.1,-0.1,0,[Fe/H],,,,,7.8,2.7,-3.6,0,,,,
WASP-35 b,WASP-35,0,1,1,0,0,0,3.161575,2E-06,-2E-06,0,0.04313,0.0004,-0.00041,0,14.796,0.56,-0.56,0,1.32,0.05,-0.05,0,222.79883,6.03877,-6.03877,0,0.701,0.019,-0.019,0,0.028,,,1,,,,,,,,,,,,,,,,,5990,90,-90,0,1.09,0.02,-0.02,0,1.07,0.03,-0.03,0,-0.15,0.09,-0.09,0,[Fe/H],,,,,5,1.2,-1.2,0,,,,
WASP-39 b,WASP-39,0,1,1,0,0,0,4.0552947,9.7E-07,-9.7E-07,0,0.04859,0.00051,-0.00053,0,14.235,0.448,-0.448,0,1.27,0.04,-0.04,0,87.40325,13.34886,-13.66669,0,0.275,0.042,-0.043,0,0.048,,,1,,,,,,,,,,,,,,,,,5400,150,-150,0,0.9,0.02,-0.02,0,0.93,0.03,-0.03,0,-0.12,0.1,-0.1,0,[Fe/H],,,,,9,3,-4,0,,,,
WASP-4 b,WASP-4,0,1,1,0,0,0,1.33823162,7E-08,-7E-08,0,0.02287,9E-05,-9E-05,0,14.908,1.793,-1.793,0,1.33,0.16,-0.16,0,371.8611,4.76745,-4.76745,0,1.17,0.015,-0.015,0,0.0033,,,1,,,,,,,,,,,,,,,,,5436,34,-34,0,0.92,0.06,-0.06,0,0.89,0.01,-0.01,0,-0.05,0.04,-0.04,0,[Fe/H],,,,,7,2.9,-2.9,0,,,,
WASP-43 b,WASP-43,0,1,1,0,0,0,0.81347437,1.3E-07,-1.3E-07,0,0.01528,0.00017,-0.00018,0,11.613,0.213,-0.213,0,1.036,0.019,-0.019,0,651.5515,15.8915,-16.52716,0,2.05,0.05,-0.052,0,0.0062,,,1,,,,,,,,,,,,,,,,,4400,200,-200,0,0.67,0.01,-0.01,0,0.72,0.03,-0.03,0,-0.05,0.17,-0.17,0,[Fe/H],,,,,7,7,-7,0,,,,
WASP-46 b,WASP-46,0,1,1,0,0,0,1.43037,2.3E-06,-2.3E-06,0,0.02334,0.00061,-0.00065,0,13.159,0.37,-0.37,0,1.174,0.033,-0.033,0,603.877,34.9613,-34.9613,0,1.9,0.11,-0.11,0,0.022,,,1,,,,,,,,,,,,,,,,,5600,150,-150,0,0.86,0.02,-0.02,0,0.83,0.07,-0.07,0,-0.37,0.13,-0.13,0,[Fe/H],,,,,9.6,3.4,-4.2,0,,,,
WASP-48 b,WASP-48,0,1,1,0,0,0,2.143634,3E-06,-3E-06,0,0.03449,0.00047,-0.00049,0,18.719,1.121,-1.121,0,1.67,0.1,-0.1,0,327.68273,14.62018,-14.30235,0,1.031,0.046,-0.045,0,0.014,,,1,,,,,,,,,,,,,,,,,6000,150,-150,0,1.75,0.09,-0.09,0,1.19,0.05,-0.05,0,-0.12,0.12,-0.12,0,[Fe/H],,,,,7.9,2,-1.6,0,,,,
WASP-50 b,WASP-50,0,1,1,0,0,0,1.9550938,1.3E-06,-1.3E-06,0,0.02945,0.00084,-0.00087,0,12.924,0.538,-0.538,0,1.153,0.048,-0.048,0,464.0318,27.65121,-27.65121,0,1.46,0.087,-0.087,0,0.022,,,1,,,,,,,,,,,,,,,,,5400,100,-100,0,0.84,0.03,-0.03,0,0.89,0.08,-0.07,0,-0.12,0.08,-0.08,0,[Fe/H],,,,,7,3.5,-3.5,0,,,,
WASP-57 b,WASP-57,0,1,1,0,0,0,2.83891856,8.1E-07,-8.1E-07,0,0.03772,0.00083,-0.00089,0,11.769,0.583,-0.583,0,1.05,0.052,-0.052,0,204.36469,17.79848,-17.16282,0,0.643,0.056,-0.054,0,0.059,,,1,,,,,,,,,,,,,,,,,5600,100,-100,0,0.93,0.03,-0.03,0,0.89,0.06,-0.06,0,-0.25,0.1,-0.1,0,[Fe/H],,,,,7,7,-7,0,,,,
WASP-60 b,WASP-60,0,1,1,0,0,0,4.3050011,6.2E-06,-6.2E-06,0,0.05311,0.00058,-0.00059,0,9.64,1.345,-1.345,0,0.86,0.12,-0.12,0,160.50415,15.25584,-15.25584,0,0.505,0.048,-0.048,0,0.064,,,1,,,,,,,,,,,,,,,,,5900,100,-100,0,1.14,0.13,-0.13,0,1.08,0.04,-0.04,0,-0.04,0.09,-0.09,0,[Fe/H],,,,,6.3,1.7,-2.1,0,,,,
WASP-63 b,WASP-63,0,1,1,0,0,0,4.37809,6E-06,-6E-06,0,0.05417,0.00067,-0.00089,0,14.908,2.69,-2.69,0,1.33,0.24,-0.24,0,107.74437,9.5349,-9.5349,0,0.339,0.03,-0.03,0,0.086,,,1,,,,,,,,,,,,,,,,,5550,100,-100,0,1.76,0.11,-0.08,0,1.1,0.04,-0.06,0,0.08,0.07,-0.07,0,,,,,,8.3,1.3,-1.2,0,,,,
WASP-65 b,WASP-65,0,1,1,0,0,0,2.3114243,1.5E-06,-1.5E-06,0,0.0334,0.0016,-0.0018,0,12.464,0.661,-0.661,0,1.112,0.059,-0.059,0,489.4582,47.6745,-50.8528,0,1.54,0.15,-0.16,0,0.016,,,1,,,,,,,,,,,,,,,,,5600,100,-100,0,1.01,0.05,-0.05,0,0.93,0.14,-0.14,0,-0.07,0.07,-0.07,0,[Fe/H],,,,,8.8,3.2,-2.9,0,,,,
WASP-69 b,WASP-69,0,1,1,0,0,0,3.8681382,1.7E-06,-1.7E-06,0,0.04527,0.00053,-0.00054,0,11.848,0.527,-0.527,0,1.057,0.047,-0.047,0,79.4575,7.31009,-7.31009,0,0.25,0.023,-0.023,0,0.11,,,1,,,,,,,,,,,,,,,,,4700,50,-50,0,0.81,0.03,-0.03,0,0.83,0.03,-0.03,0,0.15,0.08,-0.08,0,,,,,,7,7,-7,0,,,,
WASP-78 b,WASP-78,0,1,1,0,0,0,2.1751763,4.7E-06,-4.7E-06,0,0.03488,0.0007,-0.00076,0,17.822,1.121,-1.121,0,1.59,0.1,-0.1,0,259.66711,23.83725,-21.93027,0,0.817,0.075,-0.069,0,0.092,,,1,,,,,,,,,,,,,,,,,6100,150,-150,0,2.09,0.15,-0.12,0,1.18,0.07,-0.09,0,-0.35,0.14,-0.14,0,[Fe/H],,,,,4.9,1.1,-0.9,0,,,,
WASP-80 b,WASP-80,0,1,1,0,0,0,3.06785952,7.7E-07,-7.7E-07,0,0.03427,0.00096,-0.001,0,10.671,0.291,-0.303,0,0.952,0.026,-0.027,0,171.6282,11.44188,-11.12405,0,0.54,0.036,-0.035,0,0.02,,,1,,,,,,,,,,,,,,,,,4150,100,-100,0,0.57,0.02,-0.02,0,0.57,0.05,-0.05,0,-0.14,0.16,-0.16,0,[Fe/H],,,,,7,7,-7,0,,,,
WASP-83 b,WASP-83,0,1,1,0,0,0,4.971252,1.5E-05,-1.5E-05,0,0.059,0.0015,-0.0016,0,11.657,0.897,-0.56,0,1.04,0.08,-0.05,0,96.93815,11.75971,-11.12405,0,0.305,0.037,-0.035,0,0.12,,,1,,,,,,,,,,,,,,,,,5480,110,-110,0,1.05,0.06,-0.04,0,1.11,0.09,-0.09,0,0.29,0.12,-0.12,0,,,,,,7.1,2.9,-2.9,0,,,,
WASP-84 b,WASP-84,0,1,1,0,0,0,8.5234865,7E-06,-7E-06,0,0.0771,0.0011,-0.0011,0,10.559,0.247,-0.247,0,0.942,0.022,-0.022,0,220.57402,15.57367,-14.93801,0,0.694,0.049,-0.047,0,0.077,,,1,,,,,,,,,,,,,,,,,5300,100,-100,0,0.75,0.01,-0.01,0,0.84,0.04,-0.04,0,0,0.1,-0.1,0,,,,,,8.5,4.1,-5.5,0,,,,
WASP-95 b,WASP-95,0,1,1,0,0,0,2.184673,1.4E-06,-1.4E-06,0,0.03415,0.00093,-0.00096,0,13.563,0.673,-0.673,0,1.21,0.06,-0.06,0,382.66732,22.56593,-23.51942,0,1.204,0.071,-0.074,0,0.018,,,1,,,,,,,,,,,,,,,,,5830,140,-140,0,1.13,0.08,-0.04,0,1.11,0.09,-0.09,0,0.14,0.16,-0.16,0,,,,,,5,2.8,-1.8,0,,,,
WASP-96 b,WASP-96,0,1,1,0,0,0,3.4252602,2.7E-06,-2.7E-06,0,0.0454,0.0013,-0.0013,0,13.451,0.673,-0.673,0,1.2,0.06,-0.06,0,155.7367,15.57367,-14.93801,0,0.49,0.049,-0.047,0,0.11,,,1,,,,,,,,,,,,,,,,,5500,150,-150,0,1.05,0.05,-0.05,0,1.06,0.09,-0.09,0,0.14,0.19,-0.19,0,,,,,,9.4,3.3,-2.9,0,,,,
WASP-97 b,WASP-97,0,1,1,0,0,0,2.07276,1E-06,-1E-06,0,0.03305,0.00058,-0.00059,0,12.666,0.673,-0.673,0,1.13,0.06,-0.06,0,420.48909,18.11631,-17.79848,0,1.323,0.057,-0.056,0,0.019,,,1,,,,,,,,,,,,,,,,,5670,110,-110,0,1.06,0.04,-0.04,0,1.12,0.06,-0.06,0,0.23,0.11,-0.11,0,,,,,,4.8,2.1,-1.6,0,,,,
WTS-2 b,WTS-2,0,1,1,0,0,0,1.0187068,6.5E-07,-6.5E-07,0,0.01856,0.00059,-0.00062,0,15.278,0.684,-0.684,0,1.363,0.061,-0.061,0,403.6441,60.3877,-66.7443,0,1.27,0.19,-0.21,0,0.35,,,1,,,,,,,,,,,,,,,,,5000,250,-250,0,0.75,0.03,-0.03,0,0.82,0.08,-0.08,0,0.2,0.3,-0.2,0,,,,,,7,6.5,-6.4,0,,,,
XO-1 b,XO-1,0,1,1,0,0,0,3.94150685,1.8E-07,-1.8E-07,0,0.0493,0.00091,-0.00096,0,13.518,0.527,-0.471,0,1.206,0.047,-0.042,0,290.17879,12.07754,-12.07754,0,0.913,0.038,-0.038,0,0.019,,,1,,,,,,,,,,,,,,,,,5750,75,-75,0,0.93,0.04,-0.03,0,1.03,0.06,-0.06,0,0.02,0.08,-0.08,0,,,,,,1,3.1,-0.9,0,,,,
XO-5 b,XO-5,0,1,1,0,0,0,4.18775581,5.8E-07,-5.8E-07,0,0.04874,0.00054,-0.00057,0,12.431,0.56,-0.56,0,1.109,0.05,-0.05,0,332.45018,10.48839,-10.48839,0,1.046,0.033,-0.033,0,0.021,,,1,,,,,,,,,,,,,,,,,5370,70,-70,0,1.08,0.04,-0.04,0,0.88,0.03,-0.03,0,0.05,0.06,-0.06,0,,,,,,7,7,-7,0,,,,
CoRoT-30 b,CoRoT-30,1,1,1,0,0,0,9.06005,0.00024,-0.00024,0,0.0844,0.0012,-0.0012,0,11.31,0.852,-0.852,0,1.009,0.076,-0.076,0,921.707,69.9226,-69.9226,0,2.9,0.22,-0.22,0,0.007,0.031,-0.031,1,,,,,21,1.4,-1.4,0,0.114,0.0032,-0.0032,0,,,,,5650,100,-100,0,0.91,0.09,-0.03,0,0.98,0.03,-0.05,0,0.02,0.1,-0.1,0,[Fe/H],4.4,0.1,-0.1,0,3,3.7,-2.4,0,,,,
HATS-10 b,HATS-10,1,1,1,0,0,0,3.312846,5.8E-06,-5.8E-06,0,0.04491,0.00074,-0.00074,0,10.862,0.684,-0.504,0,0.969,0.061,-0.045,0,167.17858,25.74423,-25.74423,0,0.526,0.081,-0.081,0,0.501,,,2,,,,,8.73,0.29,-0.44,0,0.0903,0.0013,-0.0013,0,,,,,5880,120,-120,0,1.1,0.06,-0.04,0,1.1,0.05,-0.05,0,0.15,0.1,-0.1,0,[Fe/H],4.39,0.03,-0.03,0,3.3,1.7,-1.7,0,1.15,0.12,-0.16,0
K2-30 b,K2-30,0,1,1,0,0,0,4.09849,2E-05,-2E-05,0,0.0419,0.0016,-0.0012,0,11.982,0.258,-0.213,0,1.069,0.023,-0.019,0,187.20187,7.31009,-6.99226,0,0.589,0.023,-0.022,0,0.08,,,2,,,,,10.7,0.26,-0.28,0,0.13097,0.0009,-0.0009,0,,,,,5575,50,-50,0,0.84,0.02,-0.01,0,0.92,0.01,-0.01,0,0.06,0.04,-0.04,0,[Fe/H],4.6,0.05,-0.05,0,2.2,1.8,-0.8,0,2.202,0.09,-0.14,0
HATS-43 b,HATS-43,1,1,1,0,0,0,4.3888497,5.9E-06,-5.9E-06,0,0.04944,0.00046,-0.00046,0,13.227,0.56,-0.56,0,1.18,0.05,-0.05,0,82.95363,17.16282,-17.16282,0,0.261,0.054,-0.054,0,0.173,0.089,-0.089,0,,,,,13.04,0.68,-0.41,0,0.1492,0.0017,-0.0017,0,,,,,5099,61,-61,0,0.81,0.03,-0.03,0,0.84,0.02,-0.02,0,0.05,0.041,-0.041,0,[Fe/H],4.54,0.04,-0.04,0,8.6,3,-4.8,0,2.18,0.36,-0.2,0
HATS-44 b,HATS-44,1,1,1,0,0,0,2.7439004,3.2E-06,-3.2E-06,0,0.03649,0.0003,-0.0003,0,11.96,1.401,-0.796,0,1.067,0.125,-0.071,0,177.9848,34.9613,-34.9613,0,0.56,0.11,-0.11,0,0.279,,,2,,,,,9.24,0.38,-0.38,0,0.129,0.01,-0.01,0,,,,,5080,100,-100,0,0.85,0.04,-0.04,0,0.86,0.02,-0.02,0,0.32,0.071,-0.071,0,[Fe/H],4.51,0.04,-0.04,0,9.7,2.4,-4,0,1.98,0.25,-0.25,0
HATS-46 b,HATS-46,1,1,1,0,0,0,4.7423729,4.9E-06,-4.9E-06,0,0.05367,0.00053,-0.00053,0,10.122,0.65,-0.504,0,0.903,0.058,-0.045,0,54.98459,19.70546,-19.70546,0,0.173,0.062,-0.062,0,0.559,,,2,,,,,13.55,0.45,-0.65,0,0.1088,0.0027,-0.0027,0,,,,,5495,69,-69,0,0.85,0.04,-0.03,0,0.92,0.03,-0.03,0,-0.06,0.046,-0.046,0,[Fe/H],4.54,0.04,-0.04,0,3,3.4,-2.1,0,2.1,0.22,-0.29,0
HAT-P-28 b,HAT-P-28,1,1,1,0,0,0,3.257215,7E-06,-7E-06,0,0.0434,0.0007,-0.0007,0,13.585,1.267,-0.919,0,1.212,0.113,-0.082,0,198.953,11.759,-11.759,0,0.626,0.037,-0.037,0,0.051,0.033,-0.033,0,1.4719,,,0,8.43,0.57,-0.57,0,0.113,0.0024,-0.0024,0,,,,,5680,90,-90,0,1.1,0.09,-0.07,0,1.02,0.05,-0.05,0,0.12,0.08,-0.08,0,[Fe/H],4.36,0.06,-0.06,0,6.1,2.6,-1.9,0,,,,
CoRoT-29 b,CoRoT-29,1,1,1,0,0,0,2.85057,6E-06,-6E-06,0,0.0386,0.0059,-0.0059,0,10.088,1.793,-1.793,0,0.9,0.16,-0.16,0,270.1555,63.566,-63.566,0,0.85,0.2,-0.2,0,0.082,0.081,-0.081,0,,,,,9.22,0.19,-0.19,0,0.1028,0.0043,-0.0043,0,,,,,5260,100,-100,0,0.9,0.12,-0.12,0,0.97,0.14,-0.14,0,0.2,0.1,-0.1,0,[Fe/H],4.3,0.2,-0.2,0,4.5,3.5,-3.5,0,1.825,0.038,-0.038,0
WTS-1 b,WTS-1,1,1,1,0,0,0,3.352057,1.3E-05,-1.5E-05,0,0.047,0.001,-0.001,0,16.7,1.79,-2.02,0,1.49,0.16,-0.18,0,1274.44,111.24,-111.24,0,4.01,0.35,-0.35,0,0.1,,,2,1.7636,0.086,-0.0917,0,,,,,0.1328,0.0032,-0.0035,0,,,,,6250,200,-200,0,1.15,0.1,-0.12,0,1.2,0.1,-0.1,0,-0.5,0.5,-0.5,0,[Fe/H],4.4,0.1,-0.1,0,2.55,1.95,-1.95,0,1.1129,0.4367,-0.2536,0
TOI-3629 b,TOI-3629,1,1,1,0,0,0,3.936551,5E-06,-6E-06,0,0.043,0.002,-0.002,0,8.295,0.224,-0.224,0,0.74,0.02,-0.02,0,82.63539,6.35657,-6.35657,0,0.26,0.02,-0.02,0,0.05,0.05,-0.04,0,,,,,15.4,0.8,-0.8,0,0.126,0.002,-0.002,0,,,,,3870,90,-90,0,0.6,0.02,-0.01,0,0.63,0.02,-0.02,0,0.4,0.1,-0.1,0,[Fe/H],4.67,0.05,-0.05,0,7,2,-2,0,4,0.2,-0.2,0
WASP-19 b,WASP-19,1,1,1,0,0,0,0.78883852,7.5E-07,-8.2E-07,0,0.01652,0.0005,-0.00056,0,15.861,0.493,-0.538,0,1.415,0.044,-0.048,0,366.77398,24.79062,-25.42627,0,1.154,0.078,-0.08,0,0.0126,0.014,-0.0089,0,2.077,0.014,-0.014,0,3.533,0.048,-0.052,0,0.1441,0.00049,-0.0005,0,,,,,5616,66,-65,0,1.01,0.03,-0.03,0,0.96,0.09,-0.1,0,0.04,0.25,-0.3,0,[Fe/H],4.42,0.02,-0.02,0,6.4,4.1,-3.5,0,1.339,0.056,-0.058,0
TOI-564 b,TOI-564,1,1,1,0,0,0,1.651144,1.8E-05,-1.8E-05,0,0.02734,0.00061,-0.00053,0,11.433,7.958,-3.251,0,1.02,0.71,-0.29,0,464.98529,31.783,-30.51168,0,1.463,0.1,-0.096,0,0.072,0.083,-0.05,0,0.92,1.7,-0.45,0,,,,,,,,,,,,,5640,34,-37,0,1.09,0.01,-0.01,0,1,0.07,-0.06,0,0.143,0.076,-0.078,0,[Fe/H],4.36,0.03,-0.03,0,7.3,3.6,-3.5,0,1.095,0.09,-0.075,0
TOI-905 b,TOI-905,1,1,1,0,0,0,3.739494,3.8E-05,-3.8E-05,0,0.04666,0.00096,-0.0011,0,13.126,0.594,-0.572,0,1.171,0.053,-0.051,0,211.99261,13.34886,-13.03103,0,0.667,0.042,-0.041,0,0.024,0.025,-0.017,0,1.718,0.032,-0.03,0,,,,,,,,,,,,,5570,150,-140,0,0.92,0.04,-0.04,0,0.97,0.06,-0.07,0,0.14,0.22,-0.18,0,[Fe/H],4.5,0.03,-0.03,0,3.4,3.8,-2.3,0,1.76,0.16,-0.16,0
Kepler-412 b,Kepler-412,0,1,1,0,0,0,1.72086123,5E-08,-5E-08,0,0.02959,0.00078,-0.00078,0,14.852,0.482,-0.482,0,1.325,0.043,-0.043,0,298.43,27.014,-27.014,0,0.939,0.085,-0.085,0,0.0038,0.0087,-0.0032,0,,,,,4.947,0.056,-0.056,0,0.1058,0.0023,-0.0023,0,,,,,5750,90,-90,0,1.29,0.04,-0.04,0,1.17,0.09,-0.09,0,0.27,0.12,-0.12,0,[Fe/H],4.3,0.07,-0.07,0,5.1,1.7,-1.7,0,0.771,0.025,-0.025,0
WASP-151 b,WASP-151,0,1,1,0,0,0,4.533471,4E-06,-4E-06,0,0.055,0.001,-0.001,0,12.666,0.336,-0.336,0,1.13,0.03,-0.03,0,98.5273,12.7132,-9.5349,0,0.31,0.04,-0.03,0,0.003,,,1,,,,,10.34,0.11,-0.19,0,0.1011,0.0005,-0.0003,0,,,,,5871,57,-57,0,1.14,0.03,-0.03,0,1.08,0.08,-0.08,0,0.1,0.1,-0.1,0,[Fe/H],4.35,0.02,-0.03,0,5.1,1.3,-1.3,0,1.02,0.03,-0.06,0
WASP-156 b,WASP-156,1,1,1,0,0,0,3.836169,3E-06,-3E-06,0,0.0453,0.0009,-0.0009,0,5.717,0.224,-0.224,0,0.51,0.02,-0.02,0,40.68224,3.1783,-2.86047,0,0.128,0.01,-0.009,0,0.007,,,1,,,,,12.8,0.3,-0.7,0,0.0685,0.0012,-0.0008,0,,,,,4910,61,-61,0,0.76,0.03,-0.03,0,0.84,0.05,-0.05,0,0.24,0.12,-0.12,0,[Fe/H],4.6,0.04,-0.07,0,6.4,4,-4,0,2.68,0.14,-0.42,0
HATS-32 b,HATS-32,1,1,1,0,0,0,2.8126548,5.5E-06,-5.5E-06,0,0.04024,0.00053,-0.00053,0,14,1.614,-1.076,0,1.249,0.144,-0.096,0,292.4036,31.783,-31.783,0,0.92,0.1,-0.1,0,0.471,,,2,,,,,7.88,0.46,-0.61,0,0.1171,0.0039,-0.0039,0,,,,,5700,110,-110,0,1.1,0.1,-0.06,0,1.1,0.04,-0.04,0,0.39,0.05,-0.05,0,[Fe/H],4.4,0.06,-0.06,0,3.5,1.8,-1.8,0,1.17,0.22,-0.22,0
HATS-33 b,HATS-33,1,1,1,0,0,0,2.5495551,6.1E-06,-6.1E-06,0,0.03727,0.00037,-0.00037,0,13.787,1.255,-0.908,0,1.23,0.112,-0.081,0,378.85336,16.84499,-16.84499,0,1.192,0.053,-0.053,0,0.08,,,2,,,,,7.83,0.32,-0.32,0,0.1237,0.008,-0.008,0,,,,,5659,85,-85,0,1.02,0.05,-0.04,0,1.06,0.03,-0.03,0,0.29,0.05,-0.05,0,[Fe/H],4.45,0.04,-0.04,0,3,1.7,-1.7,0,1.4,0.16,-0.16,0
HATS-34 b,HATS-34,1,1,1,0,0,0,2.1061607,4.7E-06,-4.7E-06,0,0.03166,0.00034,-0.00034,0,16.029,2.13,-2.13,0,1.43,0.19,-0.19,0,299.07803,22.88376,-22.88376,0,0.941,0.072,-0.072,0,0.108,,,2,,,,,6.96,0.34,-0.34,0,0.15,0.014,-0.014,0,,,,,5380,73,-73,0,0.98,0.05,-0.05,0,0.95,0.03,-0.03,0,0.25,0.07,-0.07,0,[Fe/H],4.43,0.04,-0.04,0,7.7,2.7,-2.7,0,1.44,0.22,-0.22,0
TOI-132 b,TOI-132,1,1,1,0,0,0,2.1097019,1.2E-05,-1.1E-05,0,0.026,0.002,-0.003,0,3.42,0.13,-0.14,0,0.305,0.012,-0.012,0,22.4,1.9,-1.92,0,0.07048,0.00598,-0.00604,0,0.059,0.05,-0.037,0,,,,,6.362,0.413,-0.627,0,,,,,,,,,5397,46,-46,0,0.9,0.02,-0.02,0,0.97,0.06,-0.06,0,0.16,0.1,-0.1,0,[Fe/H],4.48,0.23,-0.23,0,6.34,0.42,-2.35,0,1.89,0.15,-0.15,0
HD 97658 b,HD 97658,1,1,1,0,0,0,9.4897116,8E-07,-8E-07,0,,,,,2.12,0.06,-0.06,0,0.189,0.005,-0.005,0,8.3,1.1,-1.1,0,0.02611,0.00346,-0.00346,0,0.05,0.04,-0.03,0,0.0712,0.0038,-0.0038,0,24.2,0.7,-0.7,0,0.0267,0.0007,-0.0007,0,,,,,5212,43,-43,0,0.73,0.01,-0.01,0,0.85,0.08,-0.08,0,-0.23,0.03,-0.03,0,[Fe/H],4.64,0.04,-0.04,0,3.9,2.6,-2.03,0,3.1,0.3,-0.3,0
Kepler-15 b,Kepler-15,1,1,1,0,0,0,4.942782,1.3E-06,-1.3E-06,0,0.05714,0.00086,-0.00093,0,10.76,0.67,-0.78,0,0.96,0.06,-0.07,0,209.76,25.43,-28.6,0,0.66,0.08,-0.09,0,0.06,,,0,1.1265,,,0,12.8,1.2,-1.5,0,0.0996,0.00055,-0.00053,0,,,,,5515,122,-130,0,0.99,0.06,-0.07,0,1.02,0.04,-0.05,0,0.36,0.07,-0.07,0,[Fe/H],4.46,0.05,-0.05,0,3.7,1.5,-3.6,0,1.47,0.26,-0.28,0
HATS-25 b,HATS-25,1,1,1,0,0,0,4.2986432,4.5E-06,-4.5E-06,0,0.05163,0.0006,-0.0006,0,14.123,1.121,-1.121,0,1.26,0.1,-0.1,0,194.82979,13.34886,-13.34886,0,0.613,0.042,-0.042,0,0.176,,,2,,,,,10.03,0.62,-0.62,0,0.1171,0.0026,-0.0026,0,,,,,5715,73,-73,0,1.11,0.07,-0.07,0,0.99,0.04,-0.04,0,0.02,0.05,-0.05,0,[Fe/H],4.35,0.05,-0.05,0,7.5,1.9,-1.9,0,1.03,0.2,-0.2,0
HATS-28 b,HATS-28,1,1,1,0,0,0,3.1810781,3.9E-06,-3.9E-06,0,0.04131,0.00053,-0.00053,0,13.384,0.785,-0.785,0,1.194,0.07,-0.07,0,213.58176,27.65121,-27.65121,0,0.672,0.087,-0.087,0,0.202,,,2,,,,,9.63,0.42,-0.42,0,0.1331,0.0029,-0.0029,0,,,,,5498,84,-84,0,0.92,0.04,-0.04,0,0.93,0.04,-0.04,0,0.01,0.06,-0.06,0,[Fe/H],4.48,0.04,-0.04,0,6.2,2.8,-2.8,0,1.67,0.22,-0.22,0
HATS-29 b,HATS-29,1,1,1,0,0,0,4.6058749,6.3E-06,-6.3E-06,0,0.05475,0.00088,-0.00088,0,14.022,0.684,-0.684,0,1.251,0.061,-0.061,0,207.54299,20.02329,-20.02329,0,0.653,0.063,-0.063,0,0.158,,,2,,,,,10.96,0.34,-0.34,0,0.1201,0.0027,-0.0027,0,,,,,5670,110,-110,0,1.07,0.04,-0.04,0,1.03,0.05,-0.05,0,0.16,0.08,-0.08,0,[Fe/H],4.39,0.03,-0.03,0,5.5,2.6,-1.7,0,1.17,0.11,-0.11,0
HATS-54 b,HATS-54,1,1,1,0,0,0,2.5441828,4.3E-06,-4.3E-06,0,0.03763,0.00024,-0.00024,0,11.96,0.583,-0.583,0,1.067,0.052,-0.052,0,241.5508,31.783,-31.783,0,0.76,0.1,-0.1,0,0.126,,,2,,,,,6.15,0.16,-0.16,0,0.0832,0.0025,-0.0025,0,,,,,5702,26,-26,0,1.32,0.04,-0.04,0,1.1,0.02,-0.02,0,0.396,0.031,-0.031,0,[Fe/H],4.24,0.02,-0.02,0,6.6,0.76,-0.76,0,0.678,0.054,-0.054,0
HATS-55 b,HATS-55,1,1,1,0,0,0,4.2042001,3.3E-06,-3.3E-06,0,0.05412,0.00014,-0.00018,0,14.022,0.291,-0.291,0,1.251,0.026,-0.026,0,292.72143,24.15508,-24.15508,0,0.921,0.076,-0.076,0,0.092,,,2,,,,,10.33,0.086,-0.086,0,0.1141,0.002,-0.002,0,,,,,6214,36,-36,0,1.13,0.01,-0.01,0,1.2,0.01,-0.01,0,0.108,0.046,-0.03,0,[Fe/H],4.41,0.01,-0.01,0,0.4,0.29,-0.13,0,1.179,0.029,-0.029,0
HATS-57 b,HATS-57,1,1,1,0,0,0,2.350621,1.3E-06,-1.3E-06,0,0.03493,0.00021,-0.0003,0,12.767,0.314,-0.314,0,1.139,0.028,-0.028,0,1000.21101,23.20159,-23.20159,0,3.147,0.073,-0.073,0,0.028,,,2,,,,,7.82,0.12,-0.12,0,0.1218,0.0023,-0.0023,0,,,,,5587,19,-19,0,0.96,0.01,-0.01,0,1.03,0.02,-0.03,0,0.268,0.043,-0.043,0,[Fe/H],4.48,0.02,-0.02,0,2.5,1.5,-1.1,0,1.633,0.075,-0.075,0
Kepler-12 b,Kepler-12,0,1,1,0,0,0,4.4379637,2E-07,-2E-07,0,0.0556,0.0007,-0.0007,0,18.999,0.314,-0.359,0,1.695,0.028,-0.032,0,136.979,13.03,-12.713,0,0.431,0.041,-0.04,0,0.01,,,1,1.3765,0.002,-0.002,0,,,,,,,,,,,,,5947,100,-100,0,1.48,0.03,-0.03,0,1.17,0.05,-0.05,0,0.07,0.04,-0.04,0,[Fe/H],4.17,0.01,-0.01,0,4,0.3,-0.4,0,0.499,0.024,-0.011,0
K2-77 b,K2-77,1,1,1,0,0,0,8.199796,0.000683,-0.000719,0,,,,,2.3,0.16,-0.16,0,0.205,0.014,-0.014,0,603.877,,,1,1.9,,,1,0.14,0.22,-0.09,0,,,,,23.2,6.4,-2.3,0,0.0278,0.0022,-0.0011,0,,,,,4970,45,-45,0,0.76,0.03,-0.03,0,0.8,0.12,-0.12,0,0.29,0.06,-0.06,0,[Fe/H],4.47,0.13,-0.13,0,0.85,0.45,-0.45,0,2.5,0.4,-0.4,0
K2-140 b,K2-140,0,1,1,0,0,0,6.5693,1.7E-05,-2E-05,0,0.0591,0.0034,-0.0034,0,12.274,0.202,-0.202,0,1.095,0.018,-0.018,0,323.86877,22.2481,-22.2481,0,1.019,0.07,-0.07,0,0.12,0.056,-0.046,0,,,,,,,,,0.114,0.0015,-0.0012,0,,,,,5654,55,-55,0,0.99,0.01,-0.01,0,1,0.02,-0.02,0,0.12,0.045,-0.045,0,[Fe/H],4.45,0.01,-0.01,0,4.22,0.95,-0.95,0,1.477,0.058,-0.058,0
WASP-5 b,WASP-5,1,1,1,0,0,0,1.6284279,2.2E-06,-4.9E-06,0,0.0267,0.0012,-0.0008,0,12.184,0.762,-0.796,0,1.087,0.068,-0.071,0,502.15,41.32,-31.78,0,1.58,0.13,-0.1,0,0.038,0.026,-0.018,0,1.18,0.022,-0.029,0,,,,,,,,,,,,,5700,100,-100,0,1.03,0.06,-0.07,0,0.96,0.13,-0.09,0,0.09,0.09,-0.09,0,[Fe/H],4.39,0.04,-0.04,0,5.4,4.4,-4.3,0,1.24,0.17,-0.17,0
CoRoT-12 b,CoRoT-12,1,1,1,0,0,0,2.828042,1.3E-05,-1.3E-05,0,0.04016,0.00093,-0.00092,0,16.14,1.46,-1.46,0,1.44,0.13,-0.13,0,291.438,22.247,-20.658,0,0.917,0.07,-0.065,0,0.07,0.063,-0.042,0,1.744,0.039,-0.04,0,,,,,,,,,,,,,5675,80,-80,0,1.12,0.1,-0.09,0,1.08,0.08,-0.07,0,0.16,0.1,-0.1,0,[Fe/H],4.38,0.07,-0.06,0,6.3,3.1,-3.1,0,1.08,0.28,-0.21,0
TOI-2669 b,TOI-2669,1,1,1,0,0,0,6.2034,0.0001,-0.0001,0,,,,,19.728,1.793,-1.793,0,1.76,0.16,-0.16,0,193.87533,60.3874,-60.3874,0,0.61,0.19,-0.19,0,0.09,0.05,-0.05,0,,,,,,,,,,,,,,,,,4800,100,-100,0,4.1,0.04,-0.04,0,1.19,0.16,-0.16,0,0.1,0.06,-0.06,0,[Fe/H],3.29,0.07,-0.07,0,5.9,3,-3,0,0.0254,0.0042,-0.0042,0
HAT-P-26 b,HAT-P-26,0,1,1,0,0,0,4.234516,1.5E-05,-1.5E-05,0,0.0479,0.0006,-0.0006,0,6.333,0.807,-0.359,0,0.565,0.072,-0.032,0,18.751,2.225,-2.225,0,0.059,0.007,-0.007,0,0.124,0.06,-0.06,0,0.543,0.018,-0.018,0,13.06,0.83,-0.83,0,0.0737,0.0012,-0.0012,0,,,,,5079,88,-88,0,0.79,0.1,-0.04,0,0.82,0.03,-0.03,0,-0.04,0.08,-0.08,0,[Fe/H],4.56,0.06,-0.06,0,9,3,-4.9,0,,,,
HAT-P-19 b,HAT-P-19,1,1,1,0,0,0,4.008778,6E-06,-6E-06,0,0.0466,0.0008,-0.0008,0,12.689,0.807,-0.807,0,1.132,0.072,-0.072,0,92.802,5.721,-5.721,0,0.292,0.018,-0.018,0,0.067,0.042,-0.042,0,,,,,12.24,0.67,-0.67,0,0.1418,0.002,-0.002,0,,,,,4990,130,-130,0,0.82,0.05,-0.05,0,0.84,0.04,-0.04,0,0.23,0.08,-0.08,0,[Fe/H],4.54,0.05,-0.05,0,8.8,5.2,-5.2,0,,,,
HAT-P-51 b,HAT-P-51,1,1,1,0,0,0,4.2180278,5.9E-06,-5.9E-06,0,0.05069,0.00049,-0.00049,0,14.493,0.605,-0.605,0,1.293,0.054,-0.054,0,98.20947,5.72094,-5.72094,0,0.309,0.018,-0.018,0,0.123,,,2,,,,,10.48,0.28,-0.4,0,0.1278,0.002,-0.002,0,,,,,5449,50,-50,0,1.04,0.04,-0.03,0,0.98,0.03,-0.03,0,0.27,0.08,-0.08,0,[Fe/H],4.39,0.03,-0.03,0,8.2,1.7,-1.7,0,1.223,0.1,-0.135,0
HAT-P-52 b,HAT-P-52,1,1,1,0,0,0,2.7535953,9.4E-06,-9.4E-06,0,0.03694,0.00038,-0.00038,0,11.31,0.807,-0.807,0,1.009,0.072,-0.072,0,259.98494,9.21707,-9.21707,0,0.818,0.029,-0.029,0,0.047,,,2,,,,,8.89,0.49,-0.49,0,0.1161,0.0027,-0.0027,0,,,,,5131,50,-50,0,0.89,0.05,-0.05,0,0.89,0.03,-0.03,0,0.28,0.08,-0.08,0,[Fe/H],4.48,0.05,-0.05,0,9.4,4.1,-4.1,0,1.75,0.29,-0.29,0
HAT-P-53 b,HAT-P-53,1,1,1,0,0,0,1.9616241,3.9E-06,-3.9E-06,0,0.03159,0.00042,-0.00042,0,14.773,1.02,-1.02,0,1.318,0.091,-0.091,0,471.65972,17.79848,-17.79848,0,1.484,0.056,-0.056,0,0.134,,,2,,,,,5.61,0.28,-0.28,0,0.112,0.0019,-0.0019,0,,,,,5956,50,-50,0,1.21,0.08,-0.06,0,1.09,0.04,-0.04,0,0,0.08,-0.08,0,[Fe/H],4.31,0.04,-0.04,0,4.67,1.45,-0.83,0,0.87,0.13,-0.13,0
HATS-60 b,HATS-60,1,1,1,0,0,0,3.560829,3.2E-05,-3.2E-05,0,0.04708,0.00015,-0.00023,0,12.924,0.594,-0.594,0,1.153,0.053,-0.053,0,210.40346,17.48065,-17.48065,0,0.662,0.055,-0.055,0,0.191,,,0,,,,,6.93,0.11,-0.11,0,0.0811,0.0033,-0.0033,0,,,,,5688,20,-20,0,1.46,0.02,-0.02,0,1.1,0.01,-0.02,0,0.335,0.028,-0.028,0,[Fe/H],4.15,0.01,-0.01,0,7.55,0.7,-0.3,0,0.496,0.023,-0.023,0
HATS-61 b,HATS-61,1,1,1,0,0,0,7.817953,2.4E-05,-2.4E-05,0,0.07908,0.00033,-0.00033,0,13.395,0.751,-0.751,0,1.195,0.067,-0.067,0,1080.622,44.4962,-44.4962,0,3.4,0.14,-0.14,0,0.092,,,0,,,,,10.23,0.14,-0.14,0,0.0738,0.004,-0.004,0,,,,,5542,21,-21,0,1.66,0.02,-0.02,0,1.08,0.01,-0.01,0,0.247,0.037,-0.037,0,[Fe/H],4.03,0.01,-0.01,0,8.9,0.31,-0.41,0,0.33,0.014,-0.014,0
HATS-62 b,HATS-62,1,1,1,0,0,0,3.2768837,3.3E-06,-3.3E-06,0,0.04163,0.00024,-0.00016,0,11.825,0.28,-0.28,0,1.055,0.025,-0.025,0,56.89157,,,0,0.179,,,0,0.298,,,0,,,,,9.59,0.19,-0.19,0,0.1159,0.0011,-0.0011,0,,,,,5416,19,-13,0,0.93,0.02,-0.01,0,0.9,0.01,-0.01,0,0.133,0.023,-0.023,0,[Fe/H],4.45,0.02,-0.02,0,9.55,0.99,-1.55,0,1.556,0.095,-0.095,0
HATS-69 b,HATS-69,1,1,1,0,0,0,2.2252577,1.9E-06,-1.9E-06,0,0.03211,0.00014,-0.00019,0,10.593,0.247,-0.247,0,0.945,0.022,-0.022,0,183.38791,,,0,0.577,,,0,0.519,,,0,,,,,7.859,0.099,-0.099,0,0.1105,0.0023,-0.0023,0,,,,,5137,16,-16,0,0.88,0.01,-0.01,0,0.89,0.01,-0.02,0,0.377,0.034,-0.034,0,[Fe/H],4.5,0.01,-0.01,0,8,1.8,-1.3,0,1.854,0.07,-0.07,0
HATS-47 b,HATS-47,1,1,1,0,0,0,3.9228038,2.2E-06,-2.2E-06,0,0.04269,0.00033,-0.00025,0,12.52,0.157,-0.157,0,1.117,0.014,-0.014,0,117.27927,9.85273,-6.67443,0,0.369,0.031,-0.021,0,0.088,,,2,,,,,13.98,0.15,-0.15,0,0.1746,0.0014,-0.0014,0,,,,,4512,19,-19,0,0.66,0.01,-0.01,0,0.67,0.02,-0.01,0,-0.113,0.035,-0.035,0,[Fe/H],4.63,0.01,-0.01,0,8.1,2.9,-4.3,0,3.36,0.13,-0.099,0
WASP-59 b,WASP-59,1,1,1,0,0,0,7.919585,1E-05,-1E-05,0,0.0697,0.0011,-0.0011,0,8.687,0.762,-0.762,0,0.775,0.068,-0.068,0,274.276,14.302,-14.302,0,0.863,0.045,-0.045,0,0.1,0.042,-0.042,0,1.69,0.08,-0.08,0,24.39,1.926,-1.663,0,,,,,,,,,4650,150,-150,0,0.61,0.04,-0.04,0,0.72,0.04,-0.04,0,-0.15,0.11,-0.11,0,[Fe/H],4.72,0.06,-0.06,0,0.5,0.7,-0.4,0,4.38,0.9,-0.9,0
Kepler-75 b,Kepler-75,0,1,1,0,0,0,8.884924,2E-06,-2E-06,0,0.08,0.005,-0.005,0,11.55,0.67,-0.67,0,1.03,0.06,-0.06,0,3146.4,158.9,-158.9,0,9.9,0.5,-0.5,0,0.569,0.01,-0.01,0,,,,,19.6,0.6,-0.6,0,0.121,0.002,-0.002,0,,,,,5330,120,-120,0,0.88,0.04,-0.04,0,0.88,0.06,-0.06,0,-0.07,0.15,-0.15,0,[Fe/H],4.5,0.1,-0.1,0,6,3,-3,0,1.79,0.17,-0.17,0
WASP-89 b,WASP-89,1,1,1,0,0,0,3.3564227,2.5E-06,-2.5E-06,0,0.0427,0.0012,-0.0012,0,11.657,0.448,-0.448,0,1.04,0.04,-0.04,0,1875.197,127.132,-127.132,0,5.9,0.4,-0.4,0,0.193,0.009,-0.009,0,1.49,0.02,-0.02,0,,,,,,,,,,,,,5130,90,-90,0,0.88,0.03,-0.03,0,0.92,0.08,-0.08,0,0.15,0.14,-0.14,0,[Fe/H],4.51,0.02,-0.02,0,1.3,1.5,-0.8,0,1.92,0.1,-0.1,0
WASP-185 b,WASP-185,1,1,1,0,0,0,9.38755,2E-05,-2E-05,0,0.0904,0.0017,-0.0017,0,14.011,0.897,-0.897,0,1.25,0.08,-0.08,0,311.4734,19.0698,-19.0698,0,0.98,0.06,-0.06,0,0.24,0.04,-0.04,0,0.73,0.05,-0.05,0,12.9,0.7,-0.7,0,,,,,,,,,5900,100,-100,0,1.5,0.08,-0.08,0,1.12,0.06,-0.06,0,-0.02,0.06,-0.06,0,[Fe/H],4.13,0.05,-0.05,0,6.6,1.6,-1.6,0,0.47,0.08,-0.08,0
Kepler-425 b,Kepler-425,1,1,1,0,0,0,3.79701816,1.9E-07,-1.9E-07,0,0.0464,0.0008,-0.0008,0,10.962,0.247,-0.247,0,0.978,0.022,-0.022,0,79.45,25.43,-25.43,0,0.25,0.08,-0.08,0,0.33,,,3,,,,,11.6,0.08,-0.08,0,0.1168,0.0008,-0.0008,0,,,,,5170,70,-70,0,0.86,0.02,-0.02,0,0.93,0.05,-0.05,0,0.24,0.11,-0.11,0,[Fe/H],4.54,0.01,-0.01,0,5,4,-4,0,1.448,0.03,-0.03,0
Kepler-426 b,Kepler-426,1,1,1,0,0,0,3.21751883,1.9E-07,-1.9E-07,0,0.0414,0.001,-0.001,0,12.22,0.34,-0.34,0,1.09,0.03,-0.03,0,108.06,25.43,-25.43,0,0.34,0.08,-0.08,0,0.18,,,3,,,,,9.67,0.06,-0.06,0,0.1221,0.0013,-0.0013,0,,,,,5725,90,-90,0,0.92,0.02,-0.02,0,0.91,0.06,-0.06,0,-0.21,0.08,-0.08,0,[Fe/H],4.47,0.01,-0.01,0,6,4,-4,0,1.17,0.023,-0.023,0
Kepler-428 b,Kepler-428,1,1,1,0,0,0,3.52563254,1.5E-07,-1.5E-07,0,0.0433,0.0009,-0.0009,0,12.11,0.34,-0.34,0,1.08,0.03,-0.03,0,403.63,60.39,-60.39,0,1.27,0.19,-0.19,0,0.22,,,3,,,,,11.65,0.1,-0.1,0,0.1384,0.001,-0.001,0,,,,,5150,100,-100,0,0.8,0.02,-0.02,0,0.87,0.05,-0.05,0,0.09,0.17,-0.17,0,[Fe/H],4.57,0.01,-0.01,0,5,4,-4,0,1.704,0.041,-0.041,0
TOI-559 b,TOI-559,1,1,1,0,0,0,6.9839095,5.1E-06,-5.1E-06,0,0.0723,0.0013,-0.0013,0,12.229,0.314,-0.28,0,1.091,0.028,-0.025,0,1910.14873,76.27882,-73.10053,0,6.01,0.24,-0.23,0,0.151,0.012,-0.011,0,0.8276,0.01,-0.009,0,12.61,0.28,-0.32,0,0.09097,0.00056,-0.0005,0,,,,,5925,85,-76,0,1.23,0.03,-0.03,0,1.03,0.06,-0.06,0,-0.069,0.065,-0.079,0,[Fe/H],4.27,0.02,-0.03,0,6.8,2.5,-2,0,0.774,0.053,-0.058,0
Kepler-45 b,Kepler-45,1,1,1,0,0,0,2.455239,4E-06,-4E-06,0,0.03,,,0,10.76,1.23,-1.23,0,0.96,0.11,-0.11,0,160.497,28.604,-28.604,0,0.505,0.09,-0.09,0,0.11,0.1,-0.09,0,3.204,0.072,-0.072,0,10.6,1,-1,0,0.179,0.002,-0.002,0,,,,,3820,90,-90,0,0.55,0.11,-0.11,0,0.59,0.06,-0.06,0,0.28,0.14,-0.14,0,[Fe/H],4.7,0.2,-0.2,0,0.5,,,0,4,2,-2,0
K2-132 b,K2-132,0,1,1,0,0,0,9.1708,0.0025,-0.0025,0,0.0916,0.0006,-0.0006,0,12.207,0.067,-0.067,0,1.089,0.006,-0.006,0,157.32585,2.16124,-2.00233,0,0.495,0.0068,-0.0063,0,0.29,0.049,-0.049,0,,,,,4.76,0.5,-0.5,0,0.0279,0.0011,-0.0011,0,,,,,4878,70,-70,0,4.11,0.05,-0.05,0,1.19,0.04,-0.04,0,-0.11,0.05,-0.05,0,[Fe/H],3.35,0.15,-0.15,0,5.5,0.4,-0.4,0,,,,
HATS-76 b,HATS-76,1,1,1,0,0,0,1.9416423,1.4E-06,-1.4E-06,0,0.02658,0.00021,-0.00029,0,12.094,0.347,-0.347,0,1.079,0.031,-0.031,0,835.57088,28.28673,-28.28673,0,2.629,0.089,-0.089,0,0.062,,,2,,,,,9.12,0.14,-0.14,0,0.1772,0.0045,-0.0045,0,,,,,4016,17,-17,0,0.63,0.01,-0.01,0,0.66,0.02,-0.02,0,0.322,0.065,-0.049,0,[Fe/H],4.67,0.02,-0.02,0,4.6,8.7,-4,0,3.8,0.17,-0.17,0
HAT-P-55 b,HAT-P-55,1,1,1,0,0,0,3.5852467,6.4E-06,-6.4E-06,0,0.04604,0.00056,-0.00056,0,13.249,0.616,-0.616,0,1.182,0.055,-0.055,0,184.97706,17.79848,-17.79848,0,0.582,0.056,-0.056,0,0.139,,,2,,,,,9.79,0.34,-0.34,0,0.1202,0.0019,-0.0019,0,,,,,5808,50,-50,0,1.01,0.04,-0.04,0,1.01,0.04,-0.04,0,-0.03,0.08,-0.08,0,[Fe/H],4.43,0.03,-0.03,0,4.2,1.7,-1.7,0,,,,
TOI-1728 b,TOI-1728,1,1,1,0,0,0,3.49151,6.2E-05,-5.7E-05,0,0.0391,0.0009,-0.0009,0,5.05,0.16,-0.17,0,0.451,0.014,-0.015,0,26.78,5.43,-5.13,0,0.08426,0.01708,-0.01614,0,0.057,0.054,-0.039,0,,,,,13.48,0.2,-0.2,0,0.074,0.002,-0.002,0,,,,,3980,31,-32,0,0.62,0.01,-0.01,0,0.65,0.02,-0.02,0,0.25,0.1,-0.1,0,[Fe/H],4.66,0.02,-0.02,0,7.1,4.6,-4.6,0,3.78,0.19,-0.19,0
TOI-3757 b,TOI-3757,1,1,1,0,0,0,3.438753,4E-06,-4E-06,0,0.03845,0.00043,-0.00043,0,12,0.4,-0.5,0,1.071,0.036,-0.045,0,85.3,8.8,-8.7,0,0.26838,0.02769,-0.02737,0,0.14,0.06,-0.06,0,,,,,13.26,0.26,-0.25,0,0.1769,0.0056,-0.0065,0,,,,,3913,56,-56,0,0.62,0.01,-0.01,0,0.64,0.02,-0.02,0,0,0.2,-0.2,0,[Fe/H],4.68,0.04,-0.04,0,7.1,4.5,-4.5,0,3.7,0.2,-0.2,0
TOI-2158 b,TOI-2158,1,1,1,0,0,0,8.60077,3E-05,-3E-05,0,0.075,0.004,-0.004,0,10.761,0.135,-0.135,0,0.96,0.012,-0.012,0,260.61929,25.42627,-25.42627,0,0.82,0.08,-0.08,0,0.031,0.013,-0.031,0,,,,,11.4,0.6,-0.5,0,0.07,0.0009,-0.0009,0,,,,,5673,50,-50,0,1.41,0.03,-0.03,0,1.12,0.12,-0.12,0,0.47,0.08,-0.08,0,[Fe/H],4.19,0.05,-0.05,0,8,1,-1,0,0.56,0.07,-0.07,0
GJ 3470 b,GJ 3470,0,1,1,0,0,0,3.336649,8.4E-05,-8.1E-05,0,,,,,3.88,0.32,-0.32,0,0.346,0.029,-0.029,0,12.58,1.31,-1.28,0,0.03958,0.00412,-0.00403,0,0.114,0.052,-0.051,0,,,,,12.92,0.72,-0.65,0,,,,,,,,,3652,50,-50,0,0.48,0.04,-0.04,0,0.51,0.06,-0.06,0,0.2,0.1,-0.1,0,[Fe/H],4.66,0.04,-0.04,0,1.65,1.35,-1.35,0,,,,
HATS-13 b,HATS-13,1,1,1,0,0,0,3.0440499,2.7E-06,-2.7E-06,0,0.04057,0.00041,-0.00041,0,13.585,0.392,-0.392,0,1.212,0.035,-0.035,0,172.58169,22.88376,-22.88376,0,0.543,0.072,-0.072,0,0.181,,,2,,,,,9.82,0.18,-0.18,0,0.1402,0.0016,-0.0016,0,,,,,5523,69,-69,0,0.89,0.02,-0.02,0,0.96,0.03,-0.03,0,0.05,0.06,-0.06,0,[Fe/H],4.52,0.02,-0.02,0,2.5,1.7,-1.7,0,1.93,0.11,-0.11,0
HATS-14 b,HATS-14,1,1,1,0,0,0,2.7667641,2.7E-06,-2.7E-06,0,0.03815,0.00032,-0.00032,0,11.646,0.359,-0.247,0,1.039,0.032,-0.022,0,340.39593,22.2481,-22.2481,0,1.071,0.07,-0.07,0,0.142,,,2,,,,,8.8,0.12,-0.22,0,0.1145,0.0012,-0.0012,0,,,,,5346,60,-60,0,0.93,0.02,-0.01,0,0.97,0.02,-0.02,0,0.33,0.06,-0.06,0,[Fe/H],4.48,0.02,-0.02,0,4.9,1.7,-1.7,0,1.682,0.071,-0.126,0
WASP-22 b,WASP-22,0,1,1,0,0,0,3.53269,4E-05,-4E-05,0,0.0468,0.0004,-0.0004,0,12.554,0.448,-0.448,0,1.12,0.04,-0.04,0,177.9848,6.3566,-6.3566,0,0.56,0.02,-0.02,0,0.023,0.012,-0.012,0,1.04,0.04,-0.04,0,,,,,,,,,,,,,6000,100,-100,0,1.13,0.03,-0.03,0,1.1,0.3,-0.3,0,-0.05,0.08,-0.08,0,[Fe/H],4.37,0.02,-0.02,0,3,1,-1,0,1.07,0.08,-0.08,0
WASP-119 b,WASP-119,1,1,1,0,0,0,2.49979,1E-05,-1E-05,0,0.0363,0.0007,-0.0007,0,15.693,2.242,-2.242,0,1.4,0.2,-0.2,0,390.9309,25.4264,-25.4264,0,1.23,0.08,-0.08,0,0.058,,,2,,,,,6.329,0.664,-0.549,0,,,,,,,,,5650,100,-100,0,1.2,0.1,-0.1,0,1.02,0.06,-0.06,0,0.14,0.1,-0.1,0,[Fe/H],4.26,0.08,-0.08,0,8,2.5,-2.5,0,0.76,0.25,-0.25,0
WASP-124 b,WASP-124,1,1,1,0,0,0,3.37265,1E-06,-1E-06,0,0.0449,0.0007,-0.0007,0,13.899,0.336,-0.336,0,1.24,0.03,-0.03,0,190.698,22.2481,-22.2481,0,0.6,0.07,-0.07,0,0.017,,,2,,,,,9.434,1.93,-1.369,0,,,,,,,,,6050,100,-100,0,1.02,0.02,-0.02,0,1.07,0.05,-0.05,0,-0.02,0.11,-0.11,0,[Fe/H],4.44,0.02,-0.02,0,2.1,1.4,-1.4,0,1.39,0.07,-0.07,0
WASP-133 b,WASP-133,1,1,1,0,0,0,2.176423,1E-06,-1E-06,0,0.0345,0.0007,-0.0007,0,13.563,0.56,-0.56,0,1.21,0.05,-0.05,0,368.6828,28.6047,-28.6047,0,1.16,0.09,-0.09,0,0.17,,,2,,,,,5.155,0.081,-0.155,0,,,,,,,,,5700,100,-100,0,1.44,0.05,-0.05,0,1.16,0.08,-0.08,0,0.29,0.12,-0.12,0,[Fe/H],4.18,0.02,-0.02,0,6.8,1.8,-1.8,0,0.55,0.04,-0.04,0
CoRoT-22 b,CoRoT-22,1,1,1,0,0,0,9.75598,0.00011,-0.00011,0,0.092,0.0014,-0.0014,0,4.88,0.17,-0.39,0,0.435,0.015,-0.035,0,12.2,14,-8.8,0,0.038,0.044,-0.028,0,0.077,0.3,-0.042,0,,,,,17.3,1.3,-0.57,0,0.03927,0.0006,-0.00037,0,,,,,5939,54,-120,0,1.14,0.04,-0.09,0,1.1,0.05,-0.05,0,0.17,0.07,-0.12,0,[Fe/H],4.36,0.07,-0.03,0,3.3,2,-2,0,1.027,0.268,-0.1,0
TOI-1296 b,TOI-1296,1,1,1,0,0,0,3.9443715,5.8E-06,-5.8E-06,0,0.0497,0.0023,-0.0028,0,13.798,0.347,-0.347,0,1.231,0.031,-0.031,0,94.71287,12.39531,-12.39531,0,0.298,0.039,-0.039,0,0.055,0.061,-0.038,0,,,,,6.44,0.24,-0.33,0,0.07599,0.00046,-0.00039,0,,,,,5603,47,-47,0,1.66,0.04,-0.04,0,1.17,0.14,-0.14,0,0.44,0.04,-0.04,0,[Fe/H],4.05,0.1,-0.1,0,6.9,0.7,-0.7,0,0.324,0.037,-0.048,0
CoRoT-16 b,CoRoT-16,1,1,1,0,0,0,5.35227,0.0002,-0.0002,0,0.0618,0.0015,-0.0015,0,13.11,1.79,-1.57,0,1.17,0.16,-0.14,0,170.032,27.014,-26.379,0,0.535,0.085,-0.083,0,0.33,0.09,-0.1,0,1.02,0.095,-0.092,0,11.2,1.21,-1.09,0,0.101,0.0046,-0.0046,0,,,,,5650,100,-100,0,1.19,0.14,-0.13,0,1.1,0.08,-0.08,0,0.19,0.06,-0.06,0,[M/H],4.36,0.1,-0.1,0,6.73,2.8,-2.8,0,0.93,0.33,-0.24,0
CoRoT-27 b,CoRoT-27,1,1,1,0,0,0,3.57532,6E-05,-6E-05,0,0.0476,0.0066,-0.0066,0,11.287,0.493,-0.493,0,1.007,0.044,-0.044,0,3302.11,174.8,-174.8,0,10.39,0.55,-0.55,0,0.065,,,3,,,,,9.48,0.95,-0.75,0,0.099,0.002,-0.002,0,,,,,5900,120,-120,0,1.08,0.18,-0.06,0,1.05,0.11,-0.11,0,-0.1,0.1,-0.1,0,[M/H],4.4,0.1,-0.1,0,4.21,2.72,-2.72,0,1.24,0.42,-0.26,0
HATS-18 b,HATS-18,0,1,1,0,0,0,0.8378434,4.7E-07,-4.7E-07,0,0.01761,0.00027,-0.00027,0,14.986,1.143,-0.549,0,1.337,0.102,-0.049,0,629.3034,24.47291,-24.47291,0,1.98,0.077,-0.077,0,0.166,,,1,,,,,3.71,0.11,-0.22,0,0.1347,0.0019,-0.0019,0,,,,,5600,120,-120,0,1.02,0.06,-0.03,0,1.04,0.05,-0.05,0,0.28,0.08,-0.08,0,[Fe/H],4.44,0.03,-0.03,0,4.2,2.2,-2.2,0,1.37,0.12,-0.23,0
K2-108 b,K2-108,0,1,1,0,0,0,4.73401,0.00024,-0.00024,0,0.0573,0.001,-0.001,0,5.28,0.54,-0.54,0,0.471,0.048,-0.048,0,59.4,4.4,-4.4,0,0.18689,0.01384,-0.01384,0,0.18,0.042,-0.042,0,,,,,,,,,,,,,,,,,5474,60,-60,0,1.75,0.14,-0.14,0,1.12,0.07,-0.05,0,0.33,0.04,-0.04,0,[Fe/H],3.99,0.05,-0.05,0,7.8,1.5,-1.5,0,,,,
K2-39 b,K2-39,0,1,1,0,0,0,4.60497,0.00077,-0.00077,0,0.0574,0.0012,-0.0012,0,5.71,0.63,-0.63,0,0.509,0.056,-0.056,0,39.8,4.4,-4.4,0,0.12522,0.01384,-0.01384,0,0.152,0.084,-0.068,0,,,,,,,,,0.0179,0.0013,-0.0013,0,,,,,4912,60,-60,0,2.93,0.21,-0.21,0,1.19,0.09,-0.07,0,0.43,0.04,-0.04,0,[Fe/H],3.58,0.05,-0.05,0,6.7,1.7,-1.3,0,,,,
HAT-P-25 b,HAT-P-25,0,1,1,0,0,0,3.652836,1.9E-05,-1.9E-05,0,0.0466,0.0005,-0.0005,0,13.339,0.908,-0.628,0,1.19,0.081,-0.056,0,180.202,6.992,-6.992,0,0.567,0.022,-0.022,0,0.032,0.022,-0.022,0,1.3811,,,0,10.46,0.38,-0.55,0,0.1275,0.0024,-0.0024,0,,,,,5500,80,-80,0,0.96,0.05,-0.04,0,1.01,0.03,-0.03,0,0.31,0.08,-0.08,0,[Fe/H],4.48,0.04,-0.04,0,3.2,2.3,-2.3,0,,,,
HATS-11 b,HATS-11,0,1,1,0,0,0,3.6191613,9.9E-06,-9.9E-06,0,0.04614,0.00093,-0.00093,0,16.926,0.874,-0.874,0,1.51,0.078,-0.078,0,270.1555,38.1396,-38.1396,0,0.85,0.12,-0.12,0,0.34,,,2,1.18,,,0,6.88,0.18,-0.27,0,0.1076,0.0028,-0.0028,0,,,,,6060,150,-150,0,1.44,0.06,-0.06,0,1,0.06,-0.06,0,-0.39,0.06,-0.06,0,[Fe/H],4.12,0.03,-0.03,0,7.7,2.2,-1.6,0,0.471,0.037,-0.052,0
CoRoT-5 b,CoRoT-5,1,1,1,0,0,0,4.0378962,1.9E-06,-1.9E-06,0,0.04947,0.00026,-0.00029,0,15.558,0.516,-0.527,0,1.388,0.046,-0.047,0,148.42,14.937,-7.628,0,0.467,0.047,-0.024,0,0.09,0.09,-0.04,0,1.461,0.03,-0.032,0,,,,,,,,,,,,,6100,65,-65,0,1.19,0.04,-0.04,0,1,0.02,-0.02,0,-0.25,0.06,-0.06,0,[M/H],4.19,0.03,-0.03,0,6.9,1.4,-1.4,0,,,,
TOI-172 b,TOI-172,1,1,1,0,0,0,9.47725,0.00064,-0.00079,0,0.0914,0.0017,-0.0017,0,10.817,0.359,-0.325,0,0.965,0.032,-0.029,0,1722.6386,69.9226,-63.566,0,5.42,0.22,-0.2,0,0.3806,0.0093,-0.009,0,0.312,0.01,-0.01,0,11.09,0.28,-0.3,0,0.05588,0.00091,-0.00092,0,,,,,5645,50,-50,0,1.78,0.05,-0.04,0,1.13,0.07,-0.06,0,0.148,0.079,-0.08,0,[Fe/H],3.99,0.03,-0.03,0,7.4,1.6,-1.5,0,0.286,0.022,-0.023,0
CoRoT-23 b,CoRoT-23,1,1,1,0,0,0,3.6313,0.0001,-0.0001,0,0.048,0.004,-0.004,0,11.77,1.46,-1.46,0,1.05,0.13,-0.13,0,889.9,95.3,-95.3,0,2.8,0.3,-0.3,0,0.16,0.02,-0.02,0,,,,,6.85,0.6,-0.6,0,0.0671,0.001,-0.001,0,,,,,5900,100,-100,0,1.61,0.18,-0.18,0,1.14,0.08,-0.08,0,0.05,0.1,-0.1,0,[Fe/H],4.3,0.2,-0.2,0,7.2,1.5,-1,0,0.5,0.15,-0.15,0
Kepler-63 b,Kepler-63,1,1,1,0,0,0,9.4341505,1E-06,-1E-06,0,0.08,0.002,-0.002,0,6.11,0.2,-0.2,0,0.545,0.018,-0.018,0,120,,,1,0.378,,,1,0.45,,,3,,,,,19.12,0.08,-0.08,0,0.0622,0.001,-0.001,0,145,9,-14,0,5576,50,-50,0,0.9,0.03,-0.02,0,0.98,0.04,-0.04,0,0.05,0.08,-0.08,0,[Fe/H],4.52,0.02,-0.02,0,0.21,0.045,-0.045,0,1.895,0.125,-0.117,0
TOI-954 b,TOI-954,1,1,1,0,0,0,3.6849729,2.7E-06,-2.8E-06,0,0.04963,0.00089,-0.0009,0,9.55,0.594,-0.695,0,0.852,0.053,-0.062,0,55.30242,5.72094,-5.40311,0,0.174,0.018,-0.017,0,0.14,0.18,-0.11,0,,,,,5.63,0.18,-0.17,0,0.0462,0.0019,-0.0023,0,,,,,5710,53,-49,0,1.89,0.08,-0.08,0,1.2,0.07,-0.06,0,0.215,0.05,-0.051,0,[Fe/H],3.96,0.03,-0.02,0,6.14,0.3,-0.3,0,0.249,0.025,-0.021,0
WASP-6 b,WASP-6,0,1,1,0,0,0,3.36100208,3.1E-07,-3.1E-07,0,0.0414,0.001,-0.001,0,13.787,0.392,-0.392,0,1.23,0.035,-0.035,0,154.14755,8.58141,-8.58141,0,0.485,0.027,-0.027,0,0.054,0.018,-0.015,0,,,,,,,,,0.1463,0.0012,-0.0012,0,,,,,5375,65,-65,0,0.86,0.02,-0.02,0,0.84,0.06,-0.06,0,-0.15,0.09,-0.09,0,[Fe/H],4.49,0.02,-0.02,0,9,8,-12.7,0,1.826,0.075,-0.075,0
HD 97658 b,HD 97658,0,1,1,0,0,0,9.4903,0.0016,-0.0056,0,0.08,0.0017,-0.0018,0,2.247,0.098,-0.095,0,0.2,0.009,-0.008,0,7.55,0.83,-0.79,0,0.024,0.003,-0.002,0,0.078,0.057,-0.053,0,0.0773,0.0042,-0.0042,0,,,,,0.0278,0.00075,-0.00077,0,,,,,5170,50,-50,0,0.74,0.02,-0.02,0,0.77,0.05,-0.05,0,-0.23,0.03,-0.03,0,[Fe/H],4.58,0.05,-0.05,0,6,1,-1,0,2.66,0.32,-0.28,0
HATS-5 b,HATS-5,1,1,1,0,0,0,4.763387,1E-05,-1E-05,0,0.0542,0.0006,-0.0006,0,10.223,0.28,-0.28,0,0.912,0.025,-0.025,0,75.323,3.814,-3.914,0,0.237,0.012,-0.012,0,0.019,0.019,-0.019,0,,,,,13.38,0.34,-0.34,0,0.1076,0.0004,-0.0004,0,,,,,5304,50,-50,0,0.87,0.02,-0.02,0,0.94,0.03,-0.03,0,0.19,0.08,-0.08,0,[Fe/H],4.53,0.02,-0.02,0,3.6,2.6,-1.9,0,,,,
TOI-1268 b,TOI-1268,1,1,1,0,0,0,8.1577094,4.5E-06,-4.5E-06,0,0.0711,0.0063,-0.0058,0,9.1,0.6,-0.6,0,0.812,0.054,-0.054,0,96.4,8.2,-8.3,0,0.30331,0.0258,-0.02611,0,0.105,0.04,-0.039,0,0.8186,0.0205,-0.0192,0,16.62,0.97,-0.84,0,0.091,0.001,-0.001,0,,,,,5300,100,-100,0,0.92,0.06,-0.06,0,0.96,0.04,-0.04,0,0.36,0.06,-0.06,0,[Fe/H],4.55,0.1,-0.1,0,0.245,0.135,-0.135,0,1.31,0.24,-0.19,0
